<History 
xsi:noNamespaceSchemaLocation="History.xsd" xmlns:xsi="http://www.w3.org/2001/XMLSchema-instance">
    <Week>0</Week>
    <Scenario>n120w8</Scenario>
    <NursesHistory>
        <NurseHistory>
            <Nurse>HN_0</Nurse>
            <NumberOfAssignments>0</NumberOfAssignments>
            <NumberOfWorkingWeekends>0</NumberOfWorkingWeekends>
            <LastAssignedShiftType>None</LastAssignedShiftType>
            <NumberOfConsecutiveAssignments>0</NumberOfConsecutiveAssignments>
            <NumberOfConsecutiveWorkingDays>0</NumberOfConsecutiveWorkingDays>
            <NumberOfConsecutiveDaysOff>3</NumberOfConsecutiveDaysOff>
        </NurseHistory>
        <NurseHistory>
            <Nurse>HN_1</Nurse>
            <NumberOfAssignments>0</NumberOfAssignments>
            <NumberOfWorkingWeekends>0</NumberOfWorkingWeekends>
            <LastAssignedShiftType>Late</LastAssignedShiftType>
            <NumberOfConsecutiveAssignments>2</NumberOfConsecutiveAssignments>
            <NumberOfConsecutiveWorkingDays>2</NumberOfConsecutiveWorkingDays>
            <NumberOfConsecutiveDaysOff>0</NumberOfConsecutiveDaysOff>
        </NurseHistory>
        <NurseHistory>
            <Nurse>HN_2</Nurse>
            <NumberOfAssignments>0</NumberOfAssignments>
            <NumberOfWorkingWeekends>0</NumberOfWorkingWeekends>
            <LastAssignedShiftType>Early</LastAssignedShiftType>
            <NumberOfConsecutiveAssignments>2</NumberOfConsecutiveAssignments>
            <NumberOfConsecutiveWorkingDays>2</NumberOfConsecutiveWorkingDays>
            <NumberOfConsecutiveDaysOff>0</NumberOfConsecutiveDaysOff>
        </NurseHistory>
        <NurseHistory>
            <Nurse>HN_3</Nurse>
            <NumberOfAssignments>0</NumberOfAssignments>
            <NumberOfWorkingWeekends>0</NumberOfWorkingWeekends>
            <LastAssignedShiftType>None</LastAssignedShiftType>
            <NumberOfConsecutiveAssignments>0</NumberOfConsecutiveAssignments>
            <NumberOfConsecutiveWorkingDays>0</NumberOfConsecutiveWorkingDays>
            <NumberOfConsecutiveDaysOff>5</NumberOfConsecutiveDaysOff>
        </NurseHistory>
        <NurseHistory>
            <Nurse>HN_4</Nurse>
            <NumberOfAssignments>0</NumberOfAssignments>
            <NumberOfWorkingWeekends>0</NumberOfWorkingWeekends>
            <LastAssignedShiftType>None</LastAssignedShiftType>
            <NumberOfConsecutiveAssignments>0</NumberOfConsecutiveAssignments>
            <NumberOfConsecutiveWorkingDays>0</NumberOfConsecutiveWorkingDays>
            <NumberOfConsecutiveDaysOff>2</NumberOfConsecutiveDaysOff>
        </NurseHistory>
        <NurseHistory>
            <Nurse>HN_5</Nurse>
            <NumberOfAssignments>0</NumberOfAssignments>
            <NumberOfWorkingWeekends>0</NumberOfWorkingWeekends>
            <LastAssignedShiftType>None</LastAssignedShiftType>
            <NumberOfConsecutiveAssignments>0</NumberOfConsecutiveAssignments>
            <NumberOfConsecutiveWorkingDays>0</NumberOfConsecutiveWorkingDays>
            <NumberOfConsecutiveDaysOff>3</NumberOfConsecutiveDaysOff>
        </NurseHistory>
        <NurseHistory>
            <Nurse>HN_6</Nurse>
            <NumberOfAssignments>0</NumberOfAssignments>
            <NumberOfWorkingWeekends>0</NumberOfWorkingWeekends>
            <LastAssignedShiftType>None</LastAssignedShiftType>
            <NumberOfConsecutiveAssignments>0</NumberOfConsecutiveAssignments>
            <NumberOfConsecutiveWorkingDays>0</NumberOfConsecutiveWorkingDays>
            <NumberOfConsecutiveDaysOff>3</NumberOfConsecutiveDaysOff>
        </NurseHistory>
        <NurseHistory>
            <Nurse>HN_7</Nurse>
            <NumberOfAssignments>0</NumberOfAssignments>
            <NumberOfWorkingWeekends>0</NumberOfWorkingWeekends>
            <LastAssignedShiftType>Day</LastAssignedShiftType>
            <NumberOfConsecutiveAssignments>2</NumberOfConsecutiveAssignments>
            <NumberOfConsecutiveWorkingDays>4</NumberOfConsecutiveWorkingDays>
            <NumberOfConsecutiveDaysOff>0</NumberOfConsecutiveDaysOff>
        </NurseHistory>
        <NurseHistory>
            <Nurse>HN_8</Nurse>
            <NumberOfAssignments>0</NumberOfAssignments>
            <NumberOfWorkingWeekends>0</NumberOfWorkingWeekends>
            <LastAssignedShiftType>Late</LastAssignedShiftType>
            <NumberOfConsecutiveAssignments>3</NumberOfConsecutiveAssignments>
            <NumberOfConsecutiveWorkingDays>3</NumberOfConsecutiveWorkingDays>
            <NumberOfConsecutiveDaysOff>0</NumberOfConsecutiveDaysOff>
        </NurseHistory>
        <NurseHistory>
            <Nurse>HN_9</Nurse>
            <NumberOfAssignments>0</NumberOfAssignments>
            <NumberOfWorkingWeekends>0</NumberOfWorkingWeekends>
            <LastAssignedShiftType>None</LastAssignedShiftType>
            <NumberOfConsecutiveAssignments>0</NumberOfConsecutiveAssignments>
            <NumberOfConsecutiveWorkingDays>0</NumberOfConsecutiveWorkingDays>
            <NumberOfConsecutiveDaysOff>2</NumberOfConsecutiveDaysOff>
        </NurseHistory>
        <NurseHistory>
            <Nurse>HN_10</Nurse>
            <NumberOfAssignments>0</NumberOfAssignments>
            <NumberOfWorkingWeekends>0</NumberOfWorkingWeekends>
            <LastAssignedShiftType>Day</LastAssignedShiftType>
            <NumberOfConsecutiveAssignments>5</NumberOfConsecutiveAssignments>
            <NumberOfConsecutiveWorkingDays>5</NumberOfConsecutiveWorkingDays>
            <NumberOfConsecutiveDaysOff>0</NumberOfConsecutiveDaysOff>
        </NurseHistory>
        <NurseHistory>
            <Nurse>HN_11</Nurse>
            <NumberOfAssignments>0</NumberOfAssignments>
            <NumberOfWorkingWeekends>0</NumberOfWorkingWeekends>
            <LastAssignedShiftType>None</LastAssignedShiftType>
            <NumberOfConsecutiveAssignments>0</NumberOfConsecutiveAssignments>
            <NumberOfConsecutiveWorkingDays>0</NumberOfConsecutiveWorkingDays>
            <NumberOfConsecutiveDaysOff>2</NumberOfConsecutiveDaysOff>
        </NurseHistory>
        <NurseHistory>
            <Nurse>HN_12</Nurse>
            <NumberOfAssignments>0</NumberOfAssignments>
            <NumberOfWorkingWeekends>0</NumberOfWorkingWeekends>
            <LastAssignedShiftType>Night</LastAssignedShiftType>
            <NumberOfConsecutiveAssignments>2</NumberOfConsecutiveAssignments>
            <NumberOfConsecutiveWorkingDays>4</NumberOfConsecutiveWorkingDays>
            <NumberOfConsecutiveDaysOff>0</NumberOfConsecutiveDaysOff>
        </NurseHistory>
        <NurseHistory>
            <Nurse>HN_13</Nurse>
            <NumberOfAssignments>0</NumberOfAssignments>
            <NumberOfWorkingWeekends>0</NumberOfWorkingWeekends>
            <LastAssignedShiftType>None</LastAssignedShiftType>
            <NumberOfConsecutiveAssignments>0</NumberOfConsecutiveAssignments>
            <NumberOfConsecutiveWorkingDays>0</NumberOfConsecutiveWorkingDays>
            <NumberOfConsecutiveDaysOff>3</NumberOfConsecutiveDaysOff>
        </NurseHistory>
        <NurseHistory>
            <Nurse>HN_14</Nurse>
            <NumberOfAssignments>0</NumberOfAssignments>
            <NumberOfWorkingWeekends>0</NumberOfWorkingWeekends>
            <LastAssignedShiftType>Day</LastAssignedShiftType>
            <NumberOfConsecutiveAssignments>1</NumberOfConsecutiveAssignments>
            <NumberOfConsecutiveWorkingDays>3</NumberOfConsecutiveWorkingDays>
            <NumberOfConsecutiveDaysOff>0</NumberOfConsecutiveDaysOff>
        </NurseHistory>
        <NurseHistory>
            <Nurse>HN_15</Nurse>
            <NumberOfAssignments>0</NumberOfAssignments>
            <NumberOfWorkingWeekends>0</NumberOfWorkingWeekends>
            <LastAssignedShiftType>None</LastAssignedShiftType>
            <NumberOfConsecutiveAssignments>0</NumberOfConsecutiveAssignments>
            <NumberOfConsecutiveWorkingDays>0</NumberOfConsecutiveWorkingDays>
            <NumberOfConsecutiveDaysOff>2</NumberOfConsecutiveDaysOff>
        </NurseHistory>
        <NurseHistory>
            <Nurse>HN_16</Nurse>
            <NumberOfAssignments>0</NumberOfAssignments>
            <NumberOfWorkingWeekends>0</NumberOfWorkingWeekends>
            <LastAssignedShiftType>Day</LastAssignedShiftType>
            <NumberOfConsecutiveAssignments>2</NumberOfConsecutiveAssignments>
            <NumberOfConsecutiveWorkingDays>2</NumberOfConsecutiveWorkingDays>
            <NumberOfConsecutiveDaysOff>0</NumberOfConsecutiveDaysOff>
        </NurseHistory>
        <NurseHistory>
            <Nurse>HN_17</Nurse>
            <NumberOfAssignments>0</NumberOfAssignments>
            <NumberOfWorkingWeekends>0</NumberOfWorkingWeekends>
            <LastAssignedShiftType>None</LastAssignedShiftType>
            <NumberOfConsecutiveAssignments>0</NumberOfConsecutiveAssignments>
            <NumberOfConsecutiveWorkingDays>0</NumberOfConsecutiveWorkingDays>
            <NumberOfConsecutiveDaysOff>2</NumberOfConsecutiveDaysOff>
        </NurseHistory>
        <NurseHistory>
            <Nurse>HN_18</Nurse>
            <NumberOfAssignments>0</NumberOfAssignments>
            <NumberOfWorkingWeekends>0</NumberOfWorkingWeekends>
            <LastAssignedShiftType>Night</LastAssignedShiftType>
            <NumberOfConsecutiveAssignments>3</NumberOfConsecutiveAssignments>
            <NumberOfConsecutiveWorkingDays>3</NumberOfConsecutiveWorkingDays>
            <NumberOfConsecutiveDaysOff>0</NumberOfConsecutiveDaysOff>
        </NurseHistory>
        <NurseHistory>
            <Nurse>HN_19</Nurse>
            <NumberOfAssignments>0</NumberOfAssignments>
            <NumberOfWorkingWeekends>0</NumberOfWorkingWeekends>
            <LastAssignedShiftType>None</LastAssignedShiftType>
            <NumberOfConsecutiveAssignments>0</NumberOfConsecutiveAssignments>
            <NumberOfConsecutiveWorkingDays>0</NumberOfConsecutiveWorkingDays>
            <NumberOfConsecutiveDaysOff>2</NumberOfConsecutiveDaysOff>
        </NurseHistory>
        <NurseHistory>
            <Nurse>NU_20</Nurse>
            <NumberOfAssignments>0</NumberOfAssignments>
            <NumberOfWorkingWeekends>0</NumberOfWorkingWeekends>
            <LastAssignedShiftType>None</LastAssignedShiftType>
            <NumberOfConsecutiveAssignments>0</NumberOfConsecutiveAssignments>
            <NumberOfConsecutiveWorkingDays>0</NumberOfConsecutiveWorkingDays>
            <NumberOfConsecutiveDaysOff>2</NumberOfConsecutiveDaysOff>
        </NurseHistory>
        <NurseHistory>
            <Nurse>NU_21</Nurse>
            <NumberOfAssignments>0</NumberOfAssignments>
            <NumberOfWorkingWeekends>0</NumberOfWorkingWeekends>
            <LastAssignedShiftType>None</LastAssignedShiftType>
            <NumberOfConsecutiveAssignments>0</NumberOfConsecutiveAssignments>
            <NumberOfConsecutiveWorkingDays>0</NumberOfConsecutiveWorkingDays>
            <NumberOfConsecutiveDaysOff>4</NumberOfConsecutiveDaysOff>
        </NurseHistory>
        <NurseHistory>
            <Nurse>NU_22</Nurse>
            <NumberOfAssignments>0</NumberOfAssignments>
            <NumberOfWorkingWeekends>0</NumberOfWorkingWeekends>
            <LastAssignedShiftType>None</LastAssignedShiftType>
            <NumberOfConsecutiveAssignments>0</NumberOfConsecutiveAssignments>
            <NumberOfConsecutiveWorkingDays>0</NumberOfConsecutiveWorkingDays>
            <NumberOfConsecutiveDaysOff>3</NumberOfConsecutiveDaysOff>
        </NurseHistory>
        <NurseHistory>
            <Nurse>NU_23</Nurse>
            <NumberOfAssignments>0</NumberOfAssignments>
            <NumberOfWorkingWeekends>0</NumberOfWorkingWeekends>
            <LastAssignedShiftType>None</LastAssignedShiftType>
            <NumberOfConsecutiveAssignments>0</NumberOfConsecutiveAssignments>
            <NumberOfConsecutiveWorkingDays>0</NumberOfConsecutiveWorkingDays>
            <NumberOfConsecutiveDaysOff>2</NumberOfConsecutiveDaysOff>
        </NurseHistory>
        <NurseHistory>
            <Nurse>NU_24</Nurse>
            <NumberOfAssignments>0</NumberOfAssignments>
            <NumberOfWorkingWeekends>0</NumberOfWorkingWeekends>
            <LastAssignedShiftType>Late</LastAssignedShiftType>
            <NumberOfConsecutiveAssignments>3</NumberOfConsecutiveAssignments>
            <NumberOfConsecutiveWorkingDays>3</NumberOfConsecutiveWorkingDays>
            <NumberOfConsecutiveDaysOff>0</NumberOfConsecutiveDaysOff>
        </NurseHistory>
        <NurseHistory>
            <Nurse>NU_25</Nurse>
            <NumberOfAssignments>0</NumberOfAssignments>
            <NumberOfWorkingWeekends>0</NumberOfWorkingWeekends>
            <LastAssignedShiftType>Night</LastAssignedShiftType>
            <NumberOfConsecutiveAssignments>2</NumberOfConsecutiveAssignments>
            <NumberOfConsecutiveWorkingDays>2</NumberOfConsecutiveWorkingDays>
            <NumberOfConsecutiveDaysOff>0</NumberOfConsecutiveDaysOff>
        </NurseHistory>
        <NurseHistory>
            <Nurse>NU_26</Nurse>
            <NumberOfAssignments>0</NumberOfAssignments>
            <NumberOfWorkingWeekends>0</NumberOfWorkingWeekends>
            <LastAssignedShiftType>Day</LastAssignedShiftType>
            <NumberOfConsecutiveAssignments>2</NumberOfConsecutiveAssignments>
            <NumberOfConsecutiveWorkingDays>4</NumberOfConsecutiveWorkingDays>
            <NumberOfConsecutiveDaysOff>0</NumberOfConsecutiveDaysOff>
        </NurseHistory>
        <NurseHistory>
            <Nurse>NU_27</Nurse>
            <NumberOfAssignments>0</NumberOfAssignments>
            <NumberOfWorkingWeekends>0</NumberOfWorkingWeekends>
            <LastAssignedShiftType>None</LastAssignedShiftType>
            <NumberOfConsecutiveAssignments>0</NumberOfConsecutiveAssignments>
            <NumberOfConsecutiveWorkingDays>0</NumberOfConsecutiveWorkingDays>
            <NumberOfConsecutiveDaysOff>3</NumberOfConsecutiveDaysOff>
        </NurseHistory>
        <NurseHistory>
            <Nurse>NU_28</Nurse>
            <NumberOfAssignments>0</NumberOfAssignments>
            <NumberOfWorkingWeekends>0</NumberOfWorkingWeekends>
            <LastAssignedShiftType>Night</LastAssignedShiftType>
            <NumberOfConsecutiveAssignments>4</NumberOfConsecutiveAssignments>
            <NumberOfConsecutiveWorkingDays>4</NumberOfConsecutiveWorkingDays>
            <NumberOfConsecutiveDaysOff>0</NumberOfConsecutiveDaysOff>
        </NurseHistory>
        <NurseHistory>
            <Nurse>NU_29</Nurse>
            <NumberOfAssignments>0</NumberOfAssignments>
            <NumberOfWorkingWeekends>0</NumberOfWorkingWeekends>
            <LastAssignedShiftType>Early</LastAssignedShiftType>
            <NumberOfConsecutiveAssignments>2</NumberOfConsecutiveAssignments>
            <NumberOfConsecutiveWorkingDays>2</NumberOfConsecutiveWorkingDays>
            <NumberOfConsecutiveDaysOff>0</NumberOfConsecutiveDaysOff>
        </NurseHistory>
        <NurseHistory>
            <Nurse>NU_30</Nurse>
            <NumberOfAssignments>0</NumberOfAssignments>
            <NumberOfWorkingWeekends>0</NumberOfWorkingWeekends>
            <LastAssignedShiftType>None</LastAssignedShiftType>
            <NumberOfConsecutiveAssignments>0</NumberOfConsecutiveAssignments>
            <NumberOfConsecutiveWorkingDays>0</NumberOfConsecutiveWorkingDays>
            <NumberOfConsecutiveDaysOff>2</NumberOfConsecutiveDaysOff>
        </NurseHistory>
        <NurseHistory>
            <Nurse>NU_31</Nurse>
            <NumberOfAssignments>0</NumberOfAssignments>
            <NumberOfWorkingWeekends>0</NumberOfWorkingWeekends>
            <LastAssignedShiftType>Late</LastAssignedShiftType>
            <NumberOfConsecutiveAssignments>2</NumberOfConsecutiveAssignments>
            <NumberOfConsecutiveWorkingDays>5</NumberOfConsecutiveWorkingDays>
            <NumberOfConsecutiveDaysOff>0</NumberOfConsecutiveDaysOff>
        </NurseHistory>
        <NurseHistory>
            <Nurse>NU_32</Nurse>
            <NumberOfAssignments>0</NumberOfAssignments>
            <NumberOfWorkingWeekends>0</NumberOfWorkingWeekends>
            <LastAssignedShiftType>Late</LastAssignedShiftType>
            <NumberOfConsecutiveAssignments>2</NumberOfConsecutiveAssignments>
            <NumberOfConsecutiveWorkingDays>5</NumberOfConsecutiveWorkingDays>
            <NumberOfConsecutiveDaysOff>0</NumberOfConsecutiveDaysOff>
        </NurseHistory>
        <NurseHistory>
            <Nurse>NU_33</Nurse>
            <NumberOfAssignments>0</NumberOfAssignments>
            <NumberOfWorkingWeekends>0</NumberOfWorkingWeekends>
            <LastAssignedShiftType>None</LastAssignedShiftType>
            <NumberOfConsecutiveAssignments>0</NumberOfConsecutiveAssignments>
            <NumberOfConsecutiveWorkingDays>0</NumberOfConsecutiveWorkingDays>
            <NumberOfConsecutiveDaysOff>2</NumberOfConsecutiveDaysOff>
        </NurseHistory>
        <NurseHistory>
            <Nurse>NU_34</Nurse>
            <NumberOfAssignments>0</NumberOfAssignments>
            <NumberOfWorkingWeekends>0</NumberOfWorkingWeekends>
            <LastAssignedShiftType>None</LastAssignedShiftType>
            <NumberOfConsecutiveAssignments>0</NumberOfConsecutiveAssignments>
            <NumberOfConsecutiveWorkingDays>0</NumberOfConsecutiveWorkingDays>
            <NumberOfConsecutiveDaysOff>3</NumberOfConsecutiveDaysOff>
        </NurseHistory>
        <NurseHistory>
            <Nurse>NU_35</Nurse>
            <NumberOfAssignments>0</NumberOfAssignments>
            <NumberOfWorkingWeekends>0</NumberOfWorkingWeekends>
            <LastAssignedShiftType>None</LastAssignedShiftType>
            <NumberOfConsecutiveAssignments>0</NumberOfConsecutiveAssignments>
            <NumberOfConsecutiveWorkingDays>0</NumberOfConsecutiveWorkingDays>
            <NumberOfConsecutiveDaysOff>2</NumberOfConsecutiveDaysOff>
        </NurseHistory>
        <NurseHistory>
            <Nurse>NU_36</Nurse>
            <NumberOfAssignments>0</NumberOfAssignments>
            <NumberOfWorkingWeekends>0</NumberOfWorkingWeekends>
            <LastAssignedShiftType>None</LastAssignedShiftType>
            <NumberOfConsecutiveAssignments>0</NumberOfConsecutiveAssignments>
            <NumberOfConsecutiveWorkingDays>0</NumberOfConsecutiveWorkingDays>
            <NumberOfConsecutiveDaysOff>2</NumberOfConsecutiveDaysOff>
        </NurseHistory>
        <NurseHistory>
            <Nurse>NU_37</Nurse>
            <NumberOfAssignments>0</NumberOfAssignments>
            <NumberOfWorkingWeekends>0</NumberOfWorkingWeekends>
            <LastAssignedShiftType>None</LastAssignedShiftType>
            <NumberOfConsecutiveAssignments>0</NumberOfConsecutiveAssignments>
            <NumberOfConsecutiveWorkingDays>0</NumberOfConsecutiveWorkingDays>
            <NumberOfConsecutiveDaysOff>7</NumberOfConsecutiveDaysOff>
        </NurseHistory>
        <NurseHistory>
            <Nurse>NU_38</Nurse>
            <NumberOfAssignments>0</NumberOfAssignments>
            <NumberOfWorkingWeekends>0</NumberOfWorkingWeekends>
            <LastAssignedShiftType>None</LastAssignedShiftType>
            <NumberOfConsecutiveAssignments>0</NumberOfConsecutiveAssignments>
            <NumberOfConsecutiveWorkingDays>0</NumberOfConsecutiveWorkingDays>
            <NumberOfConsecutiveDaysOff>3</NumberOfConsecutiveDaysOff>
        </NurseHistory>
        <NurseHistory>
            <Nurse>NU_39</Nurse>
            <NumberOfAssignments>0</NumberOfAssignments>
            <NumberOfWorkingWeekends>0</NumberOfWorkingWeekends>
            <LastAssignedShiftType>Early</LastAssignedShiftType>
            <NumberOfConsecutiveAssignments>4</NumberOfConsecutiveAssignments>
            <NumberOfConsecutiveWorkingDays>4</NumberOfConsecutiveWorkingDays>
            <NumberOfConsecutiveDaysOff>0</NumberOfConsecutiveDaysOff>
        </NurseHistory>
        <NurseHistory>
            <Nurse>NU_40</Nurse>
            <NumberOfAssignments>0</NumberOfAssignments>
            <NumberOfWorkingWeekends>0</NumberOfWorkingWeekends>
            <LastAssignedShiftType>None</LastAssignedShiftType>
            <NumberOfConsecutiveAssignments>0</NumberOfConsecutiveAssignments>
            <NumberOfConsecutiveWorkingDays>0</NumberOfConsecutiveWorkingDays>
            <NumberOfConsecutiveDaysOff>2</NumberOfConsecutiveDaysOff>
        </NurseHistory>
        <NurseHistory>
            <Nurse>NU_41</Nurse>
            <NumberOfAssignments>0</NumberOfAssignments>
            <NumberOfWorkingWeekends>0</NumberOfWorkingWeekends>
            <LastAssignedShiftType>None</LastAssignedShiftType>
            <NumberOfConsecutiveAssignments>0</NumberOfConsecutiveAssignments>
            <NumberOfConsecutiveWorkingDays>0</NumberOfConsecutiveWorkingDays>
            <NumberOfConsecutiveDaysOff>7</NumberOfConsecutiveDaysOff>
        </NurseHistory>
        <NurseHistory>
            <Nurse>NU_42</Nurse>
            <NumberOfAssignments>0</NumberOfAssignments>
            <NumberOfWorkingWeekends>0</NumberOfWorkingWeekends>
            <LastAssignedShiftType>None</LastAssignedShiftType>
            <NumberOfConsecutiveAssignments>0</NumberOfConsecutiveAssignments>
            <NumberOfConsecutiveWorkingDays>0</NumberOfConsecutiveWorkingDays>
            <NumberOfConsecutiveDaysOff>2</NumberOfConsecutiveDaysOff>
        </NurseHistory>
        <NurseHistory>
            <Nurse>NU_43</Nurse>
            <NumberOfAssignments>0</NumberOfAssignments>
            <NumberOfWorkingWeekends>0</NumberOfWorkingWeekends>
            <LastAssignedShiftType>None</LastAssignedShiftType>
            <NumberOfConsecutiveAssignments>0</NumberOfConsecutiveAssignments>
            <NumberOfConsecutiveWorkingDays>0</NumberOfConsecutiveWorkingDays>
            <NumberOfConsecutiveDaysOff>3</NumberOfConsecutiveDaysOff>
        </NurseHistory>
        <NurseHistory>
            <Nurse>NU_44</Nurse>
            <NumberOfAssignments>0</NumberOfAssignments>
            <NumberOfWorkingWeekends>0</NumberOfWorkingWeekends>
            <LastAssignedShiftType>Early</LastAssignedShiftType>
            <NumberOfConsecutiveAssignments>4</NumberOfConsecutiveAssignments>
            <NumberOfConsecutiveWorkingDays>4</NumberOfConsecutiveWorkingDays>
            <NumberOfConsecutiveDaysOff>0</NumberOfConsecutiveDaysOff>
        </NurseHistory>
        <NurseHistory>
            <Nurse>NU_45</Nurse>
            <NumberOfAssignments>0</NumberOfAssignments>
            <NumberOfWorkingWeekends>0</NumberOfWorkingWeekends>
            <LastAssignedShiftType>Early</LastAssignedShiftType>
            <NumberOfConsecutiveAssignments>3</NumberOfConsecutiveAssignments>
            <NumberOfConsecutiveWorkingDays>3</NumberOfConsecutiveWorkingDays>
            <NumberOfConsecutiveDaysOff>0</NumberOfConsecutiveDaysOff>
        </NurseHistory>
        <NurseHistory>
            <Nurse>NU_46</Nurse>
            <NumberOfAssignments>0</NumberOfAssignments>
            <NumberOfWorkingWeekends>0</NumberOfWorkingWeekends>
            <LastAssignedShiftType>None</LastAssignedShiftType>
            <NumberOfConsecutiveAssignments>0</NumberOfConsecutiveAssignments>
            <NumberOfConsecutiveWorkingDays>0</NumberOfConsecutiveWorkingDays>
            <NumberOfConsecutiveDaysOff>3</NumberOfConsecutiveDaysOff>
        </NurseHistory>
        <NurseHistory>
            <Nurse>NU_47</Nurse>
            <NumberOfAssignments>0</NumberOfAssignments>
            <NumberOfWorkingWeekends>0</NumberOfWorkingWeekends>
            <LastAssignedShiftType>None</LastAssignedShiftType>
            <NumberOfConsecutiveAssignments>0</NumberOfConsecutiveAssignments>
            <NumberOfConsecutiveWorkingDays>0</NumberOfConsecutiveWorkingDays>
            <NumberOfConsecutiveDaysOff>3</NumberOfConsecutiveDaysOff>
        </NurseHistory>
        <NurseHistory>
            <Nurse>NU_48</Nurse>
            <NumberOfAssignments>0</NumberOfAssignments>
            <NumberOfWorkingWeekends>0</NumberOfWorkingWeekends>
            <LastAssignedShiftType>None</LastAssignedShiftType>
            <NumberOfConsecutiveAssignments>0</NumberOfConsecutiveAssignments>
            <NumberOfConsecutiveWorkingDays>0</NumberOfConsecutiveWorkingDays>
            <NumberOfConsecutiveDaysOff>2</NumberOfConsecutiveDaysOff>
        </NurseHistory>
        <NurseHistory>
            <Nurse>NU_49</Nurse>
            <NumberOfAssignments>0</NumberOfAssignments>
            <NumberOfWorkingWeekends>0</NumberOfWorkingWeekends>
            <LastAssignedShiftType>None</LastAssignedShiftType>
            <NumberOfConsecutiveAssignments>0</NumberOfConsecutiveAssignments>
            <NumberOfConsecutiveWorkingDays>0</NumberOfConsecutiveWorkingDays>
            <NumberOfConsecutiveDaysOff>2</NumberOfConsecutiveDaysOff>
        </NurseHistory>
        <NurseHistory>
            <Nurse>CT_50</Nurse>
            <NumberOfAssignments>0</NumberOfAssignments>
            <NumberOfWorkingWeekends>0</NumberOfWorkingWeekends>
            <LastAssignedShiftType>Late</LastAssignedShiftType>
            <NumberOfConsecutiveAssignments>2</NumberOfConsecutiveAssignments>
            <NumberOfConsecutiveWorkingDays>5</NumberOfConsecutiveWorkingDays>
            <NumberOfConsecutiveDaysOff>0</NumberOfConsecutiveDaysOff>
        </NurseHistory>
        <NurseHistory>
            <Nurse>CT_51</Nurse>
            <NumberOfAssignments>0</NumberOfAssignments>
            <NumberOfWorkingWeekends>0</NumberOfWorkingWeekends>
            <LastAssignedShiftType>Late</LastAssignedShiftType>
            <NumberOfConsecutiveAssignments>2</NumberOfConsecutiveAssignments>
            <NumberOfConsecutiveWorkingDays>2</NumberOfConsecutiveWorkingDays>
            <NumberOfConsecutiveDaysOff>0</NumberOfConsecutiveDaysOff>
        </NurseHistory>
        <NurseHistory>
            <Nurse>CT_52</Nurse>
            <NumberOfAssignments>0</NumberOfAssignments>
            <NumberOfWorkingWeekends>0</NumberOfWorkingWeekends>
            <LastAssignedShiftType>None</LastAssignedShiftType>
            <NumberOfConsecutiveAssignments>0</NumberOfConsecutiveAssignments>
            <NumberOfConsecutiveWorkingDays>0</NumberOfConsecutiveWorkingDays>
            <NumberOfConsecutiveDaysOff>2</NumberOfConsecutiveDaysOff>
        </NurseHistory>
        <NurseHistory>
            <Nurse>CT_53</Nurse>
            <NumberOfAssignments>0</NumberOfAssignments>
            <NumberOfWorkingWeekends>0</NumberOfWorkingWeekends>
            <LastAssignedShiftType>None</LastAssignedShiftType>
            <NumberOfConsecutiveAssignments>0</NumberOfConsecutiveAssignments>
            <NumberOfConsecutiveWorkingDays>0</NumberOfConsecutiveWorkingDays>
            <NumberOfConsecutiveDaysOff>2</NumberOfConsecutiveDaysOff>
        </NurseHistory>
        <NurseHistory>
            <Nurse>CT_54</Nurse>
            <NumberOfAssignments>0</NumberOfAssignments>
            <NumberOfWorkingWeekends>0</NumberOfWorkingWeekends>
            <LastAssignedShiftType>None</LastAssignedShiftType>
            <NumberOfConsecutiveAssignments>0</NumberOfConsecutiveAssignments>
            <NumberOfConsecutiveWorkingDays>0</NumberOfConsecutiveWorkingDays>
            <NumberOfConsecutiveDaysOff>3</NumberOfConsecutiveDaysOff>
        </NurseHistory>
        <NurseHistory>
            <Nurse>CT_55</Nurse>
            <NumberOfAssignments>0</NumberOfAssignments>
            <NumberOfWorkingWeekends>0</NumberOfWorkingWeekends>
            <LastAssignedShiftType>Night</LastAssignedShiftType>
            <NumberOfConsecutiveAssignments>4</NumberOfConsecutiveAssignments>
            <NumberOfConsecutiveWorkingDays>4</NumberOfConsecutiveWorkingDays>
            <NumberOfConsecutiveDaysOff>0</NumberOfConsecutiveDaysOff>
        </NurseHistory>
        <NurseHistory>
            <Nurse>CT_56</Nurse>
            <NumberOfAssignments>0</NumberOfAssignments>
            <NumberOfWorkingWeekends>0</NumberOfWorkingWeekends>
            <LastAssignedShiftType>None</LastAssignedShiftType>
            <NumberOfConsecutiveAssignments>0</NumberOfConsecutiveAssignments>
            <NumberOfConsecutiveWorkingDays>0</NumberOfConsecutiveWorkingDays>
            <NumberOfConsecutiveDaysOff>3</NumberOfConsecutiveDaysOff>
        </NurseHistory>
        <NurseHistory>
            <Nurse>CT_57</Nurse>
            <NumberOfAssignments>0</NumberOfAssignments>
            <NumberOfWorkingWeekends>0</NumberOfWorkingWeekends>
            <LastAssignedShiftType>None</LastAssignedShiftType>
            <NumberOfConsecutiveAssignments>0</NumberOfConsecutiveAssignments>
            <NumberOfConsecutiveWorkingDays>0</NumberOfConsecutiveWorkingDays>
            <NumberOfConsecutiveDaysOff>6</NumberOfConsecutiveDaysOff>
        </NurseHistory>
        <NurseHistory>
            <Nurse>CT_58</Nurse>
            <NumberOfAssignments>0</NumberOfAssignments>
            <NumberOfWorkingWeekends>0</NumberOfWorkingWeekends>
            <LastAssignedShiftType>Night</LastAssignedShiftType>
            <NumberOfConsecutiveAssignments>2</NumberOfConsecutiveAssignments>
            <NumberOfConsecutiveWorkingDays>4</NumberOfConsecutiveWorkingDays>
            <NumberOfConsecutiveDaysOff>0</NumberOfConsecutiveDaysOff>
        </NurseHistory>
        <NurseHistory>
            <Nurse>CT_59</Nurse>
            <NumberOfAssignments>0</NumberOfAssignments>
            <NumberOfWorkingWeekends>0</NumberOfWorkingWeekends>
            <LastAssignedShiftType>Early</LastAssignedShiftType>
            <NumberOfConsecutiveAssignments>4</NumberOfConsecutiveAssignments>
            <NumberOfConsecutiveWorkingDays>4</NumberOfConsecutiveWorkingDays>
            <NumberOfConsecutiveDaysOff>0</NumberOfConsecutiveDaysOff>
        </NurseHistory>
        <NurseHistory>
            <Nurse>CT_60</Nurse>
            <NumberOfAssignments>0</NumberOfAssignments>
            <NumberOfWorkingWeekends>0</NumberOfWorkingWeekends>
            <LastAssignedShiftType>Late</LastAssignedShiftType>
            <NumberOfConsecutiveAssignments>1</NumberOfConsecutiveAssignments>
            <NumberOfConsecutiveWorkingDays>4</NumberOfConsecutiveWorkingDays>
            <NumberOfConsecutiveDaysOff>0</NumberOfConsecutiveDaysOff>
        </NurseHistory>
        <NurseHistory>
            <Nurse>CT_61</Nurse>
            <NumberOfAssignments>0</NumberOfAssignments>
            <NumberOfWorkingWeekends>0</NumberOfWorkingWeekends>
            <LastAssignedShiftType>None</LastAssignedShiftType>
            <NumberOfConsecutiveAssignments>0</NumberOfConsecutiveAssignments>
            <NumberOfConsecutiveWorkingDays>0</NumberOfConsecutiveWorkingDays>
            <NumberOfConsecutiveDaysOff>2</NumberOfConsecutiveDaysOff>
        </NurseHistory>
        <NurseHistory>
            <Nurse>CT_62</Nurse>
            <NumberOfAssignments>0</NumberOfAssignments>
            <NumberOfWorkingWeekends>0</NumberOfWorkingWeekends>
            <LastAssignedShiftType>Day</LastAssignedShiftType>
            <NumberOfConsecutiveAssignments>2</NumberOfConsecutiveAssignments>
            <NumberOfConsecutiveWorkingDays>2</NumberOfConsecutiveWorkingDays>
            <NumberOfConsecutiveDaysOff>0</NumberOfConsecutiveDaysOff>
        </NurseHistory>
        <NurseHistory>
            <Nurse>CT_63</Nurse>
            <NumberOfAssignments>0</NumberOfAssignments>
            <NumberOfWorkingWeekends>0</NumberOfWorkingWeekends>
            <LastAssignedShiftType>Day</LastAssignedShiftType>
            <NumberOfConsecutiveAssignments>2</NumberOfConsecutiveAssignments>
            <NumberOfConsecutiveWorkingDays>4</NumberOfConsecutiveWorkingDays>
            <NumberOfConsecutiveDaysOff>0</NumberOfConsecutiveDaysOff>
        </NurseHistory>
        <NurseHistory>
            <Nurse>CT_64</Nurse>
            <NumberOfAssignments>0</NumberOfAssignments>
            <NumberOfWorkingWeekends>0</NumberOfWorkingWeekends>
            <LastAssignedShiftType>None</LastAssignedShiftType>
            <NumberOfConsecutiveAssignments>0</NumberOfConsecutiveAssignments>
            <NumberOfConsecutiveWorkingDays>0</NumberOfConsecutiveWorkingDays>
            <NumberOfConsecutiveDaysOff>3</NumberOfConsecutiveDaysOff>
        </NurseHistory>
        <NurseHistory>
            <Nurse>CT_65</Nurse>
            <NumberOfAssignments>0</NumberOfAssignments>
            <NumberOfWorkingWeekends>0</NumberOfWorkingWeekends>
            <LastAssignedShiftType>None</LastAssignedShiftType>
            <NumberOfConsecutiveAssignments>0</NumberOfConsecutiveAssignments>
            <NumberOfConsecutiveWorkingDays>0</NumberOfConsecutiveWorkingDays>
            <NumberOfConsecutiveDaysOff>2</NumberOfConsecutiveDaysOff>
        </NurseHistory>
        <NurseHistory>
            <Nurse>CT_66</Nurse>
            <NumberOfAssignments>0</NumberOfAssignments>
            <NumberOfWorkingWeekends>0</NumberOfWorkingWeekends>
            <LastAssignedShiftType>None</LastAssignedShiftType>
            <NumberOfConsecutiveAssignments>0</NumberOfConsecutiveAssignments>
            <NumberOfConsecutiveWorkingDays>0</NumberOfConsecutiveWorkingDays>
            <NumberOfConsecutiveDaysOff>4</NumberOfConsecutiveDaysOff>
        </NurseHistory>
        <NurseHistory>
            <Nurse>CT_67</Nurse>
            <NumberOfAssignments>0</NumberOfAssignments>
            <NumberOfWorkingWeekends>0</NumberOfWorkingWeekends>
            <LastAssignedShiftType>Early</LastAssignedShiftType>
            <NumberOfConsecutiveAssignments>2</NumberOfConsecutiveAssignments>
            <NumberOfConsecutiveWorkingDays>2</NumberOfConsecutiveWorkingDays>
            <NumberOfConsecutiveDaysOff>0</NumberOfConsecutiveDaysOff>
        </NurseHistory>
        <NurseHistory>
            <Nurse>CT_68</Nurse>
            <NumberOfAssignments>0</NumberOfAssignments>
            <NumberOfWorkingWeekends>0</NumberOfWorkingWeekends>
            <LastAssignedShiftType>Early</LastAssignedShiftType>
            <NumberOfConsecutiveAssignments>2</NumberOfConsecutiveAssignments>
            <NumberOfConsecutiveWorkingDays>4</NumberOfConsecutiveWorkingDays>
            <NumberOfConsecutiveDaysOff>0</NumberOfConsecutiveDaysOff>
        </NurseHistory>
        <NurseHistory>
            <Nurse>CT_69</Nurse>
            <NumberOfAssignments>0</NumberOfAssignments>
            <NumberOfWorkingWeekends>0</NumberOfWorkingWeekends>
            <LastAssignedShiftType>None</LastAssignedShiftType>
            <NumberOfConsecutiveAssignments>0</NumberOfConsecutiveAssignments>
            <NumberOfConsecutiveWorkingDays>0</NumberOfConsecutiveWorkingDays>
            <NumberOfConsecutiveDaysOff>2</NumberOfConsecutiveDaysOff>
        </NurseHistory>
        <NurseHistory>
            <Nurse>CT_70</Nurse>
            <NumberOfAssignments>0</NumberOfAssignments>
            <NumberOfWorkingWeekends>0</NumberOfWorkingWeekends>
            <LastAssignedShiftType>None</LastAssignedShiftType>
            <NumberOfConsecutiveAssignments>0</NumberOfConsecutiveAssignments>
            <NumberOfConsecutiveWorkingDays>0</NumberOfConsecutiveWorkingDays>
            <NumberOfConsecutiveDaysOff>2</NumberOfConsecutiveDaysOff>
        </NurseHistory>
        <NurseHistory>
            <Nurse>CT_71</Nurse>
            <NumberOfAssignments>0</NumberOfAssignments>
            <NumberOfWorkingWeekends>0</NumberOfWorkingWeekends>
            <LastAssignedShiftType>Day</LastAssignedShiftType>
            <NumberOfConsecutiveAssignments>2</NumberOfConsecutiveAssignments>
            <NumberOfConsecutiveWorkingDays>2</NumberOfConsecutiveWorkingDays>
            <NumberOfConsecutiveDaysOff>0</NumberOfConsecutiveDaysOff>
        </NurseHistory>
        <NurseHistory>
            <Nurse>CT_72</Nurse>
            <NumberOfAssignments>0</NumberOfAssignments>
            <NumberOfWorkingWeekends>0</NumberOfWorkingWeekends>
            <LastAssignedShiftType>Night</LastAssignedShiftType>
            <NumberOfConsecutiveAssignments>4</NumberOfConsecutiveAssignments>
            <NumberOfConsecutiveWorkingDays>4</NumberOfConsecutiveWorkingDays>
            <NumberOfConsecutiveDaysOff>0</NumberOfConsecutiveDaysOff>
        </NurseHistory>
        <NurseHistory>
            <Nurse>CT_73</Nurse>
            <NumberOfAssignments>0</NumberOfAssignments>
            <NumberOfWorkingWeekends>0</NumberOfWorkingWeekends>
            <LastAssignedShiftType>Day</LastAssignedShiftType>
            <NumberOfConsecutiveAssignments>2</NumberOfConsecutiveAssignments>
            <NumberOfConsecutiveWorkingDays>2</NumberOfConsecutiveWorkingDays>
            <NumberOfConsecutiveDaysOff>0</NumberOfConsecutiveDaysOff>
        </NurseHistory>
        <NurseHistory>
            <Nurse>CT_74</Nurse>
            <NumberOfAssignments>0</NumberOfAssignments>
            <NumberOfWorkingWeekends>0</NumberOfWorkingWeekends>
            <LastAssignedShiftType>None</LastAssignedShiftType>
            <NumberOfConsecutiveAssignments>0</NumberOfConsecutiveAssignments>
            <NumberOfConsecutiveWorkingDays>0</NumberOfConsecutiveWorkingDays>
            <NumberOfConsecutiveDaysOff>3</NumberOfConsecutiveDaysOff>
        </NurseHistory>
        <NurseHistory>
            <Nurse>CT_75</Nurse>
            <NumberOfAssignments>0</NumberOfAssignments>
            <NumberOfWorkingWeekends>0</NumberOfWorkingWeekends>
            <LastAssignedShiftType>None</LastAssignedShiftType>
            <NumberOfConsecutiveAssignments>0</NumberOfConsecutiveAssignments>
            <NumberOfConsecutiveWorkingDays>0</NumberOfConsecutiveWorkingDays>
            <NumberOfConsecutiveDaysOff>2</NumberOfConsecutiveDaysOff>
        </NurseHistory>
        <NurseHistory>
            <Nurse>CT_76</Nurse>
            <NumberOfAssignments>0</NumberOfAssignments>
            <NumberOfWorkingWeekends>0</NumberOfWorkingWeekends>
            <LastAssignedShiftType>None</LastAssignedShiftType>
            <NumberOfConsecutiveAssignments>0</NumberOfConsecutiveAssignments>
            <NumberOfConsecutiveWorkingDays>0</NumberOfConsecutiveWorkingDays>
            <NumberOfConsecutiveDaysOff>7</NumberOfConsecutiveDaysOff>
        </NurseHistory>
        <NurseHistory>
            <Nurse>CT_77</Nurse>
            <NumberOfAssignments>0</NumberOfAssignments>
            <NumberOfWorkingWeekends>0</NumberOfWorkingWeekends>
            <LastAssignedShiftType>None</LastAssignedShiftType>
            <NumberOfConsecutiveAssignments>0</NumberOfConsecutiveAssignments>
            <NumberOfConsecutiveWorkingDays>0</NumberOfConsecutiveWorkingDays>
            <NumberOfConsecutiveDaysOff>4</NumberOfConsecutiveDaysOff>
        </NurseHistory>
        <NurseHistory>
            <Nurse>CT_78</Nurse>
            <NumberOfAssignments>0</NumberOfAssignments>
            <NumberOfWorkingWeekends>0</NumberOfWorkingWeekends>
            <LastAssignedShiftType>None</LastAssignedShiftType>
            <NumberOfConsecutiveAssignments>0</NumberOfConsecutiveAssignments>
            <NumberOfConsecutiveWorkingDays>0</NumberOfConsecutiveWorkingDays>
            <NumberOfConsecutiveDaysOff>2</NumberOfConsecutiveDaysOff>
        </NurseHistory>
        <NurseHistory>
            <Nurse>CT_79</Nurse>
            <NumberOfAssignments>0</NumberOfAssignments>
            <NumberOfWorkingWeekends>0</NumberOfWorkingWeekends>
            <LastAssignedShiftType>None</LastAssignedShiftType>
            <NumberOfConsecutiveAssignments>0</NumberOfConsecutiveAssignments>
            <NumberOfConsecutiveWorkingDays>0</NumberOfConsecutiveWorkingDays>
            <NumberOfConsecutiveDaysOff>3</NumberOfConsecutiveDaysOff>
        </NurseHistory>
        <NurseHistory>
            <Nurse>CT_80</Nurse>
            <NumberOfAssignments>0</NumberOfAssignments>
            <NumberOfWorkingWeekends>0</NumberOfWorkingWeekends>
            <LastAssignedShiftType>None</LastAssignedShiftType>
            <NumberOfConsecutiveAssignments>0</NumberOfConsecutiveAssignments>
            <NumberOfConsecutiveWorkingDays>0</NumberOfConsecutiveWorkingDays>
            <NumberOfConsecutiveDaysOff>2</NumberOfConsecutiveDaysOff>
        </NurseHistory>
        <NurseHistory>
            <Nurse>CT_81</Nurse>
            <NumberOfAssignments>0</NumberOfAssignments>
            <NumberOfWorkingWeekends>0</NumberOfWorkingWeekends>
            <LastAssignedShiftType>Early</LastAssignedShiftType>
            <NumberOfConsecutiveAssignments>2</NumberOfConsecutiveAssignments>
            <NumberOfConsecutiveWorkingDays>2</NumberOfConsecutiveWorkingDays>
            <NumberOfConsecutiveDaysOff>0</NumberOfConsecutiveDaysOff>
        </NurseHistory>
        <NurseHistory>
            <Nurse>CT_82</Nurse>
            <NumberOfAssignments>0</NumberOfAssignments>
            <NumberOfWorkingWeekends>0</NumberOfWorkingWeekends>
            <LastAssignedShiftType>None</LastAssignedShiftType>
            <NumberOfConsecutiveAssignments>0</NumberOfConsecutiveAssignments>
            <NumberOfConsecutiveWorkingDays>0</NumberOfConsecutiveWorkingDays>
            <NumberOfConsecutiveDaysOff>2</NumberOfConsecutiveDaysOff>
        </NurseHistory>
        <NurseHistory>
            <Nurse>CT_83</Nurse>
            <NumberOfAssignments>0</NumberOfAssignments>
            <NumberOfWorkingWeekends>0</NumberOfWorkingWeekends>
            <LastAssignedShiftType>None</LastAssignedShiftType>
            <NumberOfConsecutiveAssignments>0</NumberOfConsecutiveAssignments>
            <NumberOfConsecutiveWorkingDays>0</NumberOfConsecutiveWorkingDays>
            <NumberOfConsecutiveDaysOff>2</NumberOfConsecutiveDaysOff>
        </NurseHistory>
        <NurseHistory>
            <Nurse>CT_84</Nurse>
            <NumberOfAssignments>0</NumberOfAssignments>
            <NumberOfWorkingWeekends>0</NumberOfWorkingWeekends>
            <LastAssignedShiftType>None</LastAssignedShiftType>
            <NumberOfConsecutiveAssignments>0</NumberOfConsecutiveAssignments>
            <NumberOfConsecutiveWorkingDays>0</NumberOfConsecutiveWorkingDays>
            <NumberOfConsecutiveDaysOff>2</NumberOfConsecutiveDaysOff>
        </NurseHistory>
        <NurseHistory>
            <Nurse>CT_85</Nurse>
            <NumberOfAssignments>0</NumberOfAssignments>
            <NumberOfWorkingWeekends>0</NumberOfWorkingWeekends>
            <LastAssignedShiftType>None</LastAssignedShiftType>
            <NumberOfConsecutiveAssignments>0</NumberOfConsecutiveAssignments>
            <NumberOfConsecutiveWorkingDays>0</NumberOfConsecutiveWorkingDays>
            <NumberOfConsecutiveDaysOff>5</NumberOfConsecutiveDaysOff>
        </NurseHistory>
        <NurseHistory>
            <Nurse>CT_86</Nurse>
            <NumberOfAssignments>0</NumberOfAssignments>
            <NumberOfWorkingWeekends>0</NumberOfWorkingWeekends>
            <LastAssignedShiftType>None</LastAssignedShiftType>
            <NumberOfConsecutiveAssignments>0</NumberOfConsecutiveAssignments>
            <NumberOfConsecutiveWorkingDays>0</NumberOfConsecutiveWorkingDays>
            <NumberOfConsecutiveDaysOff>2</NumberOfConsecutiveDaysOff>
        </NurseHistory>
        <NurseHistory>
            <Nurse>CT_87</Nurse>
            <NumberOfAssignments>0</NumberOfAssignments>
            <NumberOfWorkingWeekends>0</NumberOfWorkingWeekends>
            <LastAssignedShiftType>None</LastAssignedShiftType>
            <NumberOfConsecutiveAssignments>0</NumberOfConsecutiveAssignments>
            <NumberOfConsecutiveWorkingDays>0</NumberOfConsecutiveWorkingDays>
            <NumberOfConsecutiveDaysOff>3</NumberOfConsecutiveDaysOff>
        </NurseHistory>
        <NurseHistory>
            <Nurse>CT_88</Nurse>
            <NumberOfAssignments>0</NumberOfAssignments>
            <NumberOfWorkingWeekends>0</NumberOfWorkingWeekends>
            <LastAssignedShiftType>None</LastAssignedShiftType>
            <NumberOfConsecutiveAssignments>0</NumberOfConsecutiveAssignments>
            <NumberOfConsecutiveWorkingDays>0</NumberOfConsecutiveWorkingDays>
            <NumberOfConsecutiveDaysOff>3</NumberOfConsecutiveDaysOff>
        </NurseHistory>
        <NurseHistory>
            <Nurse>CT_89</Nurse>
            <NumberOfAssignments>0</NumberOfAssignments>
            <NumberOfWorkingWeekends>0</NumberOfWorkingWeekends>
            <LastAssignedShiftType>Late</LastAssignedShiftType>
            <NumberOfConsecutiveAssignments>3</NumberOfConsecutiveAssignments>
            <NumberOfConsecutiveWorkingDays>3</NumberOfConsecutiveWorkingDays>
            <NumberOfConsecutiveDaysOff>0</NumberOfConsecutiveDaysOff>
        </NurseHistory>
        <NurseHistory>
            <Nurse>TR_90</Nurse>
            <NumberOfAssignments>0</NumberOfAssignments>
            <NumberOfWorkingWeekends>0</NumberOfWorkingWeekends>
            <LastAssignedShiftType>Early</LastAssignedShiftType>
            <NumberOfConsecutiveAssignments>1</NumberOfConsecutiveAssignments>
            <NumberOfConsecutiveWorkingDays>4</NumberOfConsecutiveWorkingDays>
            <NumberOfConsecutiveDaysOff>0</NumberOfConsecutiveDaysOff>
        </NurseHistory>
        <NurseHistory>
            <Nurse>TR_91</Nurse>
            <NumberOfAssignments>0</NumberOfAssignments>
            <NumberOfWorkingWeekends>0</NumberOfWorkingWeekends>
            <LastAssignedShiftType>None</LastAssignedShiftType>
            <NumberOfConsecutiveAssignments>0</NumberOfConsecutiveAssignments>
            <NumberOfConsecutiveWorkingDays>0</NumberOfConsecutiveWorkingDays>
            <NumberOfConsecutiveDaysOff>2</NumberOfConsecutiveDaysOff>
        </NurseHistory>
        <NurseHistory>
            <Nurse>TR_92</Nurse>
            <NumberOfAssignments>0</NumberOfAssignments>
            <NumberOfWorkingWeekends>0</NumberOfWorkingWeekends>
            <LastAssignedShiftType>None</LastAssignedShiftType>
            <NumberOfConsecutiveAssignments>0</NumberOfConsecutiveAssignments>
            <NumberOfConsecutiveWorkingDays>0</NumberOfConsecutiveWorkingDays>
            <NumberOfConsecutiveDaysOff>3</NumberOfConsecutiveDaysOff>
        </NurseHistory>
        <NurseHistory>
            <Nurse>TR_93</Nurse>
            <NumberOfAssignments>0</NumberOfAssignments>
            <NumberOfWorkingWeekends>0</NumberOfWorkingWeekends>
            <LastAssignedShiftType>None</LastAssignedShiftType>
            <NumberOfConsecutiveAssignments>0</NumberOfConsecutiveAssignments>
            <NumberOfConsecutiveWorkingDays>0</NumberOfConsecutiveWorkingDays>
            <NumberOfConsecutiveDaysOff>3</NumberOfConsecutiveDaysOff>
        </NurseHistory>
        <NurseHistory>
            <Nurse>TR_94</Nurse>
            <NumberOfAssignments>0</NumberOfAssignments>
            <NumberOfWorkingWeekends>0</NumberOfWorkingWeekends>
            <LastAssignedShiftType>Day</LastAssignedShiftType>
            <NumberOfConsecutiveAssignments>1</NumberOfConsecutiveAssignments>
            <NumberOfConsecutiveWorkingDays>4</NumberOfConsecutiveWorkingDays>
            <NumberOfConsecutiveDaysOff>0</NumberOfConsecutiveDaysOff>
        </NurseHistory>
        <NurseHistory>
            <Nurse>TR_95</Nurse>
            <NumberOfAssignments>0</NumberOfAssignments>
            <NumberOfWorkingWeekends>0</NumberOfWorkingWeekends>
            <LastAssignedShiftType>None</LastAssignedShiftType>
            <NumberOfConsecutiveAssignments>0</NumberOfConsecutiveAssignments>
            <NumberOfConsecutiveWorkingDays>0</NumberOfConsecutiveWorkingDays>
            <NumberOfConsecutiveDaysOff>3</NumberOfConsecutiveDaysOff>
        </NurseHistory>
        <NurseHistory>
            <Nurse>TR_96</Nurse>
            <NumberOfAssignments>0</NumberOfAssignments>
            <NumberOfWorkingWeekends>0</NumberOfWorkingWeekends>
            <LastAssignedShiftType>None</LastAssignedShiftType>
            <NumberOfConsecutiveAssignments>0</NumberOfConsecutiveAssignments>
            <NumberOfConsecutiveWorkingDays>0</NumberOfConsecutiveWorkingDays>
            <NumberOfConsecutiveDaysOff>3</NumberOfConsecutiveDaysOff>
        </NurseHistory>
        <NurseHistory>
            <Nurse>TR_97</Nurse>
            <NumberOfAssignments>0</NumberOfAssignments>
            <NumberOfWorkingWeekends>0</NumberOfWorkingWeekends>
            <LastAssignedShiftType>Day</LastAssignedShiftType>
            <NumberOfConsecutiveAssignments>3</NumberOfConsecutiveAssignments>
            <NumberOfConsecutiveWorkingDays>3</NumberOfConsecutiveWorkingDays>
            <NumberOfConsecutiveDaysOff>0</NumberOfConsecutiveDaysOff>
        </NurseHistory>
        <NurseHistory>
            <Nurse>TR_98</Nurse>
            <NumberOfAssignments>0</NumberOfAssignments>
            <NumberOfWorkingWeekends>0</NumberOfWorkingWeekends>
            <LastAssignedShiftType>None</LastAssignedShiftType>
            <NumberOfConsecutiveAssignments>0</NumberOfConsecutiveAssignments>
            <NumberOfConsecutiveWorkingDays>0</NumberOfConsecutiveWorkingDays>
            <NumberOfConsecutiveDaysOff>4</NumberOfConsecutiveDaysOff>
        </NurseHistory>
        <NurseHistory>
            <Nurse>TR_99</Nurse>
            <NumberOfAssignments>0</NumberOfAssignments>
            <NumberOfWorkingWeekends>0</NumberOfWorkingWeekends>
            <LastAssignedShiftType>Night</LastAssignedShiftType>
            <NumberOfConsecutiveAssignments>3</NumberOfConsecutiveAssignments>
            <NumberOfConsecutiveWorkingDays>3</NumberOfConsecutiveWorkingDays>
            <NumberOfConsecutiveDaysOff>0</NumberOfConsecutiveDaysOff>
        </NurseHistory>
        <NurseHistory>
            <Nurse>TR_100</Nurse>
            <NumberOfAssignments>0</NumberOfAssignments>
            <NumberOfWorkingWeekends>0</NumberOfWorkingWeekends>
            <LastAssignedShiftType>Late</LastAssignedShiftType>
            <NumberOfConsecutiveAssignments>1</NumberOfConsecutiveAssignments>
            <NumberOfConsecutiveWorkingDays>4</NumberOfConsecutiveWorkingDays>
            <NumberOfConsecutiveDaysOff>0</NumberOfConsecutiveDaysOff>
        </NurseHistory>
        <NurseHistory>
            <Nurse>TR_101</Nurse>
            <NumberOfAssignments>0</NumberOfAssignments>
            <NumberOfWorkingWeekends>0</NumberOfWorkingWeekends>
            <LastAssignedShiftType>None</LastAssignedShiftType>
            <NumberOfConsecutiveAssignments>0</NumberOfConsecutiveAssignments>
            <NumberOfConsecutiveWorkingDays>0</NumberOfConsecutiveWorkingDays>
            <NumberOfConsecutiveDaysOff>2</NumberOfConsecutiveDaysOff>
        </NurseHistory>
        <NurseHistory>
            <Nurse>TR_102</Nurse>
            <NumberOfAssignments>0</NumberOfAssignments>
            <NumberOfWorkingWeekends>0</NumberOfWorkingWeekends>
            <LastAssignedShiftType>None</LastAssignedShiftType>
            <NumberOfConsecutiveAssignments>0</NumberOfConsecutiveAssignments>
            <NumberOfConsecutiveWorkingDays>0</NumberOfConsecutiveWorkingDays>
            <NumberOfConsecutiveDaysOff>2</NumberOfConsecutiveDaysOff>
        </NurseHistory>
        <NurseHistory>
            <Nurse>TR_103</Nurse>
            <NumberOfAssignments>0</NumberOfAssignments>
            <NumberOfWorkingWeekends>0</NumberOfWorkingWeekends>
            <LastAssignedShiftType>Late</LastAssignedShiftType>
            <NumberOfConsecutiveAssignments>2</NumberOfConsecutiveAssignments>
            <NumberOfConsecutiveWorkingDays>4</NumberOfConsecutiveWorkingDays>
            <NumberOfConsecutiveDaysOff>0</NumberOfConsecutiveDaysOff>
        </NurseHistory>
        <NurseHistory>
            <Nurse>TR_104</Nurse>
            <NumberOfAssignments>0</NumberOfAssignments>
            <NumberOfWorkingWeekends>0</NumberOfWorkingWeekends>
            <LastAssignedShiftType>None</LastAssignedShiftType>
            <NumberOfConsecutiveAssignments>0</NumberOfConsecutiveAssignments>
            <NumberOfConsecutiveWorkingDays>0</NumberOfConsecutiveWorkingDays>
            <NumberOfConsecutiveDaysOff>2</NumberOfConsecutiveDaysOff>
        </NurseHistory>
        <NurseHistory>
            <Nurse>TR_105</Nurse>
            <NumberOfAssignments>0</NumberOfAssignments>
            <NumberOfWorkingWeekends>0</NumberOfWorkingWeekends>
            <LastAssignedShiftType>None</LastAssignedShiftType>
            <NumberOfConsecutiveAssignments>0</NumberOfConsecutiveAssignments>
            <NumberOfConsecutiveWorkingDays>0</NumberOfConsecutiveWorkingDays>
            <NumberOfConsecutiveDaysOff>2</NumberOfConsecutiveDaysOff>
        </NurseHistory>
        <NurseHistory>
            <Nurse>TR_106</Nurse>
            <NumberOfAssignments>0</NumberOfAssignments>
            <NumberOfWorkingWeekends>0</NumberOfWorkingWeekends>
            <LastAssignedShiftType>Night</LastAssignedShiftType>
            <NumberOfConsecutiveAssignments>2</NumberOfConsecutiveAssignments>
            <NumberOfConsecutiveWorkingDays>2</NumberOfConsecutiveWorkingDays>
            <NumberOfConsecutiveDaysOff>0</NumberOfConsecutiveDaysOff>
        </NurseHistory>
        <NurseHistory>
            <Nurse>TR_107</Nurse>
            <NumberOfAssignments>0</NumberOfAssignments>
            <NumberOfWorkingWeekends>0</NumberOfWorkingWeekends>
            <LastAssignedShiftType>None</LastAssignedShiftType>
            <NumberOfConsecutiveAssignments>0</NumberOfConsecutiveAssignments>
            <NumberOfConsecutiveWorkingDays>0</NumberOfConsecutiveWorkingDays>
            <NumberOfConsecutiveDaysOff>6</NumberOfConsecutiveDaysOff>
        </NurseHistory>
        <NurseHistory>
            <Nurse>TR_108</Nurse>
            <NumberOfAssignments>0</NumberOfAssignments>
            <NumberOfWorkingWeekends>0</NumberOfWorkingWeekends>
            <LastAssignedShiftType>Day</LastAssignedShiftType>
            <NumberOfConsecutiveAssignments>4</NumberOfConsecutiveAssignments>
            <NumberOfConsecutiveWorkingDays>4</NumberOfConsecutiveWorkingDays>
            <NumberOfConsecutiveDaysOff>0</NumberOfConsecutiveDaysOff>
        </NurseHistory>
        <NurseHistory>
            <Nurse>TR_109</Nurse>
            <NumberOfAssignments>0</NumberOfAssignments>
            <NumberOfWorkingWeekends>0</NumberOfWorkingWeekends>
            <LastAssignedShiftType>None</LastAssignedShiftType>
            <NumberOfConsecutiveAssignments>0</NumberOfConsecutiveAssignments>
            <NumberOfConsecutiveWorkingDays>0</NumberOfConsecutiveWorkingDays>
            <NumberOfConsecutiveDaysOff>2</NumberOfConsecutiveDaysOff>
        </NurseHistory>
        <NurseHistory>
            <Nurse>TR_110</Nurse>
            <NumberOfAssignments>0</NumberOfAssignments>
            <NumberOfWorkingWeekends>0</NumberOfWorkingWeekends>
            <LastAssignedShiftType>None</LastAssignedShiftType>
            <NumberOfConsecutiveAssignments>0</NumberOfConsecutiveAssignments>
            <NumberOfConsecutiveWorkingDays>0</NumberOfConsecutiveWorkingDays>
            <NumberOfConsecutiveDaysOff>2</NumberOfConsecutiveDaysOff>
        </NurseHistory>
        <NurseHistory>
            <Nurse>TR_111</Nurse>
            <NumberOfAssignments>0</NumberOfAssignments>
            <NumberOfWorkingWeekends>0</NumberOfWorkingWeekends>
            <LastAssignedShiftType>None</LastAssignedShiftType>
            <NumberOfConsecutiveAssignments>0</NumberOfConsecutiveAssignments>
            <NumberOfConsecutiveWorkingDays>0</NumberOfConsecutiveWorkingDays>
            <NumberOfConsecutiveDaysOff>2</NumberOfConsecutiveDaysOff>
        </NurseHistory>
        <NurseHistory>
            <Nurse>TR_112</Nurse>
            <NumberOfAssignments>0</NumberOfAssignments>
            <NumberOfWorkingWeekends>0</NumberOfWorkingWeekends>
            <LastAssignedShiftType>Late</LastAssignedShiftType>
            <NumberOfConsecutiveAssignments>4</NumberOfConsecutiveAssignments>
            <NumberOfConsecutiveWorkingDays>4</NumberOfConsecutiveWorkingDays>
            <NumberOfConsecutiveDaysOff>0</NumberOfConsecutiveDaysOff>
        </NurseHistory>
        <NurseHistory>
            <Nurse>TR_113</Nurse>
            <NumberOfAssignments>0</NumberOfAssignments>
            <NumberOfWorkingWeekends>0</NumberOfWorkingWeekends>
            <LastAssignedShiftType>None</LastAssignedShiftType>
            <NumberOfConsecutiveAssignments>0</NumberOfConsecutiveAssignments>
            <NumberOfConsecutiveWorkingDays>0</NumberOfConsecutiveWorkingDays>
            <NumberOfConsecutiveDaysOff>2</NumberOfConsecutiveDaysOff>
        </NurseHistory>
        <NurseHistory>
            <Nurse>TR_114</Nurse>
            <NumberOfAssignments>0</NumberOfAssignments>
            <NumberOfWorkingWeekends>0</NumberOfWorkingWeekends>
            <LastAssignedShiftType>Early</LastAssignedShiftType>
            <NumberOfConsecutiveAssignments>2</NumberOfConsecutiveAssignments>
            <NumberOfConsecutiveWorkingDays>2</NumberOfConsecutiveWorkingDays>
            <NumberOfConsecutiveDaysOff>0</NumberOfConsecutiveDaysOff>
        </NurseHistory>
        <NurseHistory>
            <Nurse>TR_115</Nurse>
            <NumberOfAssignments>0</NumberOfAssignments>
            <NumberOfWorkingWeekends>0</NumberOfWorkingWeekends>
            <LastAssignedShiftType>None</LastAssignedShiftType>
            <NumberOfConsecutiveAssignments>0</NumberOfConsecutiveAssignments>
            <NumberOfConsecutiveWorkingDays>0</NumberOfConsecutiveWorkingDays>
            <NumberOfConsecutiveDaysOff>2</NumberOfConsecutiveDaysOff>
        </NurseHistory>
        <NurseHistory>
            <Nurse>TR_116</Nurse>
            <NumberOfAssignments>0</NumberOfAssignments>
            <NumberOfWorkingWeekends>0</NumberOfWorkingWeekends>
            <LastAssignedShiftType>None</LastAssignedShiftType>
            <NumberOfConsecutiveAssignments>0</NumberOfConsecutiveAssignments>
            <NumberOfConsecutiveWorkingDays>0</NumberOfConsecutiveWorkingDays>
            <NumberOfConsecutiveDaysOff>2</NumberOfConsecutiveDaysOff>
        </NurseHistory>
        <NurseHistory>
            <Nurse>TR_117</Nurse>
            <NumberOfAssignments>0</NumberOfAssignments>
            <NumberOfWorkingWeekends>0</NumberOfWorkingWeekends>
            <LastAssignedShiftType>None</LastAssignedShiftType>
            <NumberOfConsecutiveAssignments>0</NumberOfConsecutiveAssignments>
            <NumberOfConsecutiveWorkingDays>0</NumberOfConsecutiveWorkingDays>
            <NumberOfConsecutiveDaysOff>4</NumberOfConsecutiveDaysOff>
        </NurseHistory>
        <NurseHistory>
            <Nurse>TR_118</Nurse>
            <NumberOfAssignments>0</NumberOfAssignments>
            <NumberOfWorkingWeekends>0</NumberOfWorkingWeekends>
            <LastAssignedShiftType>None</LastAssignedShiftType>
            <NumberOfConsecutiveAssignments>0</NumberOfConsecutiveAssignments>
            <NumberOfConsecutiveWorkingDays>0</NumberOfConsecutiveWorkingDays>
            <NumberOfConsecutiveDaysOff>2</NumberOfConsecutiveDaysOff>
        </NurseHistory>
        <NurseHistory>
            <Nurse>TR_119</Nurse>
            <NumberOfAssignments>0</NumberOfAssignments>
            <NumberOfWorkingWeekends>0</NumberOfWorkingWeekends>
            <LastAssignedShiftType>None</LastAssignedShiftType>
            <NumberOfConsecutiveAssignments>0</NumberOfConsecutiveAssignments>
            <NumberOfConsecutiveWorkingDays>0</NumberOfConsecutiveWorkingDays>
            <NumberOfConsecutiveDaysOff>5</NumberOfConsecutiveDaysOff>
        </NurseHistory>
    </NursesHistory>
</History>
