<Scenario 
Id="n030w8" xsi:noNamespaceSchemaLocation="Scenario.xsd" xmlns:xsi="http://www.w3.org/2001/XMLSchema-instance">
    <NumberOfWeeks>8</NumberOfWeeks>
    <Skills>
        <Skill>HeadNurse</Skill>
        <Skill>Nurse</Skill>
        <Skill>Caretaker</Skill>
        <Skill>Trainee</Skill>
    </Skills>
    <ShiftTypes>
        <ShiftType Id="Early">
            <NumberOfConsecutiveAssignments>
                <Minimum>2</Minimum>
                <Maximum>5</Maximum>
            </NumberOfConsecutiveAssignments>
        </ShiftType>
        <ShiftType Id="Day">
            <NumberOfConsecutiveAssignments>
                <Minimum>2</Minimum>
                <Maximum>56</Maximum>
            </NumberOfConsecutiveAssignments>
        </ShiftType>
        <ShiftType Id="Late">
            <NumberOfConsecutiveAssignments>
                <Minimum>2</Minimum>
                <Maximum>5</Maximum>
            </NumberOfConsecutiveAssignments>
        </ShiftType>
        <ShiftType Id="Night">
            <NumberOfConsecutiveAssignments>
                <Minimum>3</Minimum>
                <Maximum>5</Maximum>
            </NumberOfConsecutiveAssignments>
        </ShiftType>
    </ShiftTypes>
    <ForbiddenShiftTypeSuccessions>
        <ShiftTypeSuccession>
            <PrecedingShiftType>Early</PrecedingShiftType>
            <SucceedingShiftTypes/>
        </ShiftTypeSuccession>
        <ShiftTypeSuccession>
            <PrecedingShiftType>Day</PrecedingShiftType>
            <SucceedingShiftTypes>
                <ShiftType>Early</ShiftType>
            </SucceedingShiftTypes>
        </ShiftTypeSuccession>
        <ShiftTypeSuccession>
            <PrecedingShiftType>Late</PrecedingShiftType>
            <SucceedingShiftTypes>
                <ShiftType>Early</ShiftType>
                <ShiftType>Day</ShiftType>
            </SucceedingShiftTypes>
        </ShiftTypeSuccession>
        <ShiftTypeSuccession>
            <PrecedingShiftType>Night</PrecedingShiftType>
            <SucceedingShiftTypes>
                <ShiftType>Early</ShiftType>
                <ShiftType>Day</ShiftType>
                <ShiftType>Late</ShiftType>
            </SucceedingShiftTypes>
        </ShiftTypeSuccession>
    </ForbiddenShiftTypeSuccessions>
    <Contracts>
        <Contract Id="FullTime">
            <NumberOfAssignments>
                <Minimum>25</Minimum>
                <Maximum>40</Maximum>
            </NumberOfAssignments>
            <ConsecutiveWorkingDays>
                <Minimum>3</Minimum>
                <Maximum>5</Maximum>
            </ConsecutiveWorkingDays>
            <ConsecutiveDaysOff>
                <Minimum>2</Minimum>
                <Maximum>3</Maximum>
            </ConsecutiveDaysOff>
            <MaximumNumberOfWorkingWeekends>4</MaximumNumberOfWorkingWeekends>
            <CompleteWeekends>1</CompleteWeekends>
        </Contract>
        <Contract Id="PartTime">
            <NumberOfAssignments>
                <Minimum>15</Minimum>
                <Maximum>25</Maximum>
            </NumberOfAssignments>
            <ConsecutiveWorkingDays>
                <Minimum>3</Minimum>
                <Maximum>5</Maximum>
            </ConsecutiveWorkingDays>
            <ConsecutiveDaysOff>
                <Minimum>2</Minimum>
                <Maximum>4</Maximum>
            </ConsecutiveDaysOff>
            <MaximumNumberOfWorkingWeekends>4</MaximumNumberOfWorkingWeekends>
            <CompleteWeekends>1</CompleteWeekends>
        </Contract>
        <Contract Id="HalfTime">
            <NumberOfAssignments>
                <Minimum>10</Minimum>
                <Maximum>20</Maximum>
            </NumberOfAssignments>
            <ConsecutiveWorkingDays>
                <Minimum>2</Minimum>
                <Maximum>4</Maximum>
            </ConsecutiveWorkingDays>
            <ConsecutiveDaysOff>
                <Minimum>2</Minimum>
                <Maximum>5</Maximum>
            </ConsecutiveDaysOff>
            <MaximumNumberOfWorkingWeekends>2</MaximumNumberOfWorkingWeekends>
            <CompleteWeekends>1</CompleteWeekends>
        </Contract>
    </Contracts>
    <Nurses>
        <Nurse Id="HN_0">
            <Contract>FullTime</Contract>
            <Skills>
                <Skill>HeadNurse</Skill>
                <Skill>Nurse</Skill>
                <Skill>Caretaker</Skill>
            </Skills>
        </Nurse>
        <Nurse Id="HN_1">
            <Contract>HalfTime</Contract>
            <Skills>
                <Skill>HeadNurse</Skill>
                <Skill>Nurse</Skill>
                <Skill>Caretaker</Skill>
            </Skills>
        </Nurse>
        <Nurse Id="HN_2">
            <Contract>HalfTime</Contract>
            <Skills>
                <Skill>HeadNurse</Skill>
                <Skill>Nurse</Skill>
            </Skills>
        </Nurse>
        <Nurse Id="HN_3">
            <Contract>PartTime</Contract>
            <Skills>
                <Skill>HeadNurse</Skill>
                <Skill>Nurse</Skill>
            </Skills>
        </Nurse>
        <Nurse Id="NU_4">
            <Contract>HalfTime</Contract>
            <Skills>
                <Skill>Nurse</Skill>
                <Skill>Caretaker</Skill>
            </Skills>
        </Nurse>
        <Nurse Id="NU_5">
            <Contract>HalfTime</Contract>
            <Skills>
                <Skill>Nurse</Skill>
                <Skill>Caretaker</Skill>
            </Skills>
        </Nurse>
        <Nurse Id="NU_6">
            <Contract>FullTime</Contract>
            <Skills>
                <Skill>Nurse</Skill>
                <Skill>Caretaker</Skill>
            </Skills>
        </Nurse>
        <Nurse Id="NU_7">
            <Contract>PartTime</Contract>
            <Skills>
                <Skill>Nurse</Skill>
                <Skill>Caretaker</Skill>
            </Skills>
        </Nurse>
        <Nurse Id="NU_8">
            <Contract>FullTime</Contract>
            <Skills>
                <Skill>Nurse</Skill>
                <Skill>Caretaker</Skill>
            </Skills>
        </Nurse>
        <Nurse Id="NU_9">
            <Contract>HalfTime</Contract>
            <Skills>
                <Skill>Nurse</Skill>
                <Skill>Caretaker</Skill>
            </Skills>
        </Nurse>
        <Nurse Id="NU_10">
            <Contract>PartTime</Contract>
            <Skills>
                <Skill>Nurse</Skill>
                <Skill>Caretaker</Skill>
            </Skills>
        </Nurse>
        <Nurse Id="NU_11">
            <Contract>FullTime</Contract>
            <Skills>
                <Skill>Nurse</Skill>
                <Skill>Caretaker</Skill>
            </Skills>
        </Nurse>
        <Nurse Id="NU_12">
            <Contract>PartTime</Contract>
            <Skills>
                <Skill>Nurse</Skill>
                <Skill>Caretaker</Skill>
            </Skills>
        </Nurse>
        <Nurse Id="NU_13">
            <Contract>HalfTime</Contract>
            <Skills>
                <Skill>Nurse</Skill>
                <Skill>Caretaker</Skill>
            </Skills>
        </Nurse>
        <Nurse Id="NU_14">
            <Contract>FullTime</Contract>
            <Skills>
                <Skill>Nurse</Skill>
                <Skill>Caretaker</Skill>
            </Skills>
        </Nurse>
        <Nurse Id="NU_15">
            <Contract>FullTime</Contract>
            <Skills>
                <Skill>Nurse</Skill>
                <Skill>Caretaker</Skill>
            </Skills>
        </Nurse>
        <Nurse Id="NU_16">
            <Contract>HalfTime</Contract>
            <Skills>
                <Skill>Nurse</Skill>
                <Skill>Caretaker</Skill>
            </Skills>
        </Nurse>
        <Nurse Id="CT_17">
            <Contract>FullTime</Contract>
            <Skills>
                <Skill>Caretaker</Skill>
            </Skills>
        </Nurse>
        <Nurse Id="CT_18">
            <Contract>HalfTime</Contract>
            <Skills>
                <Skill>Caretaker</Skill>
            </Skills>
        </Nurse>
        <Nurse Id="CT_19">
            <Contract>FullTime</Contract>
            <Skills>
                <Skill>Caretaker</Skill>
            </Skills>
        </Nurse>
        <Nurse Id="CT_20">
            <Contract>PartTime</Contract>
            <Skills>
                <Skill>Caretaker</Skill>
            </Skills>
        </Nurse>
        <Nurse Id="CT_21">
            <Contract>PartTime</Contract>
            <Skills>
                <Skill>Caretaker</Skill>
            </Skills>
        </Nurse>
        <Nurse Id="CT_22">
            <Contract>FullTime</Contract>
            <Skills>
                <Skill>Caretaker</Skill>
            </Skills>
        </Nurse>
        <Nurse Id="CT_23">
            <Contract>FullTime</Contract>
            <Skills>
                <Skill>Caretaker</Skill>
            </Skills>
        </Nurse>
        <Nurse Id="CT_24">
            <Contract>FullTime</Contract>
            <Skills>
                <Skill>Caretaker</Skill>
            </Skills>
        </Nurse>
        <Nurse Id="TR_25">
            <Contract>PartTime</Contract>
            <Skills>
                <Skill>Trainee</Skill>
            </Skills>
        </Nurse>
        <Nurse Id="TR_26">
            <Contract>PartTime</Contract>
            <Skills>
                <Skill>Trainee</Skill>
            </Skills>
        </Nurse>
        <Nurse Id="TR_27">
            <Contract>HalfTime</Contract>
            <Skills>
                <Skill>Trainee</Skill>
            </Skills>
        </Nurse>
        <Nurse Id="TR_28">
            <Contract>FullTime</Contract>
            <Skills>
                <Skill>Trainee</Skill>
            </Skills>
        </Nurse>
        <Nurse Id="TR_29">
            <Contract>HalfTime</Contract>
            <Skills>
                <Skill>Trainee</Skill>
            </Skills>
        </Nurse>
    </Nurses>
</Scenario>
