<WeekData 
xsi:noNamespaceSchemaLocation="WeekData.xsd" xmlns:xsi="http://www.w3.org/2001/XMLSchema-instance">
    <Scenario>n100w4</Scenario>
    <Requirements>
        <Requirement>
            <ShiftType>Early</ShiftType>
            <Skill>HeadNurse</Skill>
            <RequirementOnMonday>
                <Minimum>1</Minimum>
                <Optimal>1</Optimal>
            </RequirementOnMonday>
            <RequirementOnTuesday>
                <Minimum>1</Minimum>
                <Optimal>1</Optimal>
            </RequirementOnTuesday>
            <RequirementOnWednesday>
                <Minimum>0</Minimum>
                <Optimal>0</Optimal>
            </RequirementOnWednesday>
            <RequirementOnThursday>
                <Minimum>1</Minimum>
                <Optimal>2</Optimal>
            </RequirementOnThursday>
            <RequirementOnFriday>
                <Minimum>0</Minimum>
                <Optimal>0</Optimal>
            </RequirementOnFriday>
            <RequirementOnSaturday>
                <Minimum>1</Minimum>
                <Optimal>1</Optimal>
            </RequirementOnSaturday>
            <RequirementOnSunday>
                <Minimum>1</Minimum>
                <Optimal>1</Optimal>
            </RequirementOnSunday>
        </Requirement>
        <Requirement>
            <ShiftType>Early</ShiftType>
            <Skill>Nurse</Skill>
            <RequirementOnMonday>
                <Minimum>2</Minimum>
                <Optimal>3</Optimal>
            </RequirementOnMonday>
            <RequirementOnTuesday>
                <Minimum>1</Minimum>
                <Optimal>2</Optimal>
            </RequirementOnTuesday>
            <RequirementOnWednesday>
                <Minimum>2</Minimum>
                <Optimal>3</Optimal>
            </RequirementOnWednesday>
            <RequirementOnThursday>
                <Minimum>2</Minimum>
                <Optimal>3</Optimal>
            </RequirementOnThursday>
            <RequirementOnFriday>
                <Minimum>2</Minimum>
                <Optimal>2</Optimal>
            </RequirementOnFriday>
            <RequirementOnSaturday>
                <Minimum>1</Minimum>
                <Optimal>1</Optimal>
            </RequirementOnSaturday>
            <RequirementOnSunday>
                <Minimum>1</Minimum>
                <Optimal>2</Optimal>
            </RequirementOnSunday>
        </Requirement>
        <Requirement>
            <ShiftType>Early</ShiftType>
            <Skill>Caretaker</Skill>
            <RequirementOnMonday>
                <Minimum>5</Minimum>
                <Optimal>7</Optimal>
            </RequirementOnMonday>
            <RequirementOnTuesday>
                <Minimum>5</Minimum>
                <Optimal>7</Optimal>
            </RequirementOnTuesday>
            <RequirementOnWednesday>
                <Minimum>4</Minimum>
                <Optimal>7</Optimal>
            </RequirementOnWednesday>
            <RequirementOnThursday>
                <Minimum>4</Minimum>
                <Optimal>8</Optimal>
            </RequirementOnThursday>
            <RequirementOnFriday>
                <Minimum>5</Minimum>
                <Optimal>6</Optimal>
            </RequirementOnFriday>
            <RequirementOnSaturday>
                <Minimum>2</Minimum>
                <Optimal>3</Optimal>
            </RequirementOnSaturday>
            <RequirementOnSunday>
                <Minimum>1</Minimum>
                <Optimal>3</Optimal>
            </RequirementOnSunday>
        </Requirement>
        <Requirement>
            <ShiftType>Early</ShiftType>
            <Skill>Trainee</Skill>
            <RequirementOnMonday>
                <Minimum>2</Minimum>
                <Optimal>4</Optimal>
            </RequirementOnMonday>
            <RequirementOnTuesday>
                <Minimum>2</Minimum>
                <Optimal>3</Optimal>
            </RequirementOnTuesday>
            <RequirementOnWednesday>
                <Minimum>1</Minimum>
                <Optimal>2</Optimal>
            </RequirementOnWednesday>
            <RequirementOnThursday>
                <Minimum>2</Minimum>
                <Optimal>3</Optimal>
            </RequirementOnThursday>
            <RequirementOnFriday>
                <Minimum>0</Minimum>
                <Optimal>2</Optimal>
            </RequirementOnFriday>
            <RequirementOnSaturday>
                <Minimum>1</Minimum>
                <Optimal>1</Optimal>
            </RequirementOnSaturday>
            <RequirementOnSunday>
                <Minimum>1</Minimum>
                <Optimal>1</Optimal>
            </RequirementOnSunday>
        </Requirement>
        <Requirement>
            <ShiftType>Day</ShiftType>
            <Skill>HeadNurse</Skill>
            <RequirementOnMonday>
                <Minimum>0</Minimum>
                <Optimal>1</Optimal>
            </RequirementOnMonday>
            <RequirementOnTuesday>
                <Minimum>1</Minimum>
                <Optimal>2</Optimal>
            </RequirementOnTuesday>
            <RequirementOnWednesday>
                <Minimum>1</Minimum>
                <Optimal>2</Optimal>
            </RequirementOnWednesday>
            <RequirementOnThursday>
                <Minimum>0</Minimum>
                <Optimal>0</Optimal>
            </RequirementOnThursday>
            <RequirementOnFriday>
                <Minimum>1</Minimum>
                <Optimal>1</Optimal>
            </RequirementOnFriday>
            <RequirementOnSaturday>
                <Minimum>0</Minimum>
                <Optimal>1</Optimal>
            </RequirementOnSaturday>
            <RequirementOnSunday>
                <Minimum>1</Minimum>
                <Optimal>1</Optimal>
            </RequirementOnSunday>
        </Requirement>
        <Requirement>
            <ShiftType>Day</ShiftType>
            <Skill>Nurse</Skill>
            <RequirementOnMonday>
                <Minimum>1</Minimum>
                <Optimal>2</Optimal>
            </RequirementOnMonday>
            <RequirementOnTuesday>
                <Minimum>1</Minimum>
                <Optimal>3</Optimal>
            </RequirementOnTuesday>
            <RequirementOnWednesday>
                <Minimum>1</Minimum>
                <Optimal>1</Optimal>
            </RequirementOnWednesday>
            <RequirementOnThursday>
                <Minimum>2</Minimum>
                <Optimal>2</Optimal>
            </RequirementOnThursday>
            <RequirementOnFriday>
                <Minimum>2</Minimum>
                <Optimal>2</Optimal>
            </RequirementOnFriday>
            <RequirementOnSaturday>
                <Minimum>1</Minimum>
                <Optimal>1</Optimal>
            </RequirementOnSaturday>
            <RequirementOnSunday>
                <Minimum>1</Minimum>
                <Optimal>1</Optimal>
            </RequirementOnSunday>
        </Requirement>
        <Requirement>
            <ShiftType>Day</ShiftType>
            <Skill>Caretaker</Skill>
            <RequirementOnMonday>
                <Minimum>3</Minimum>
                <Optimal>7</Optimal>
            </RequirementOnMonday>
            <RequirementOnTuesday>
                <Minimum>4</Minimum>
                <Optimal>5</Optimal>
            </RequirementOnTuesday>
            <RequirementOnWednesday>
                <Minimum>4</Minimum>
                <Optimal>8</Optimal>
            </RequirementOnWednesday>
            <RequirementOnThursday>
                <Minimum>4</Minimum>
                <Optimal>7</Optimal>
            </RequirementOnThursday>
            <RequirementOnFriday>
                <Minimum>7</Minimum>
                <Optimal>9</Optimal>
            </RequirementOnFriday>
            <RequirementOnSaturday>
                <Minimum>3</Minimum>
                <Optimal>3</Optimal>
            </RequirementOnSaturday>
            <RequirementOnSunday>
                <Minimum>3</Minimum>
                <Optimal>4</Optimal>
            </RequirementOnSunday>
        </Requirement>
        <Requirement>
            <ShiftType>Day</ShiftType>
            <Skill>Trainee</Skill>
            <RequirementOnMonday>
                <Minimum>2</Minimum>
                <Optimal>3</Optimal>
            </RequirementOnMonday>
            <RequirementOnTuesday>
                <Minimum>2</Minimum>
                <Optimal>4</Optimal>
            </RequirementOnTuesday>
            <RequirementOnWednesday>
                <Minimum>1</Minimum>
                <Optimal>3</Optimal>
            </RequirementOnWednesday>
            <RequirementOnThursday>
                <Minimum>3</Minimum>
                <Optimal>4</Optimal>
            </RequirementOnThursday>
            <RequirementOnFriday>
                <Minimum>1</Minimum>
                <Optimal>3</Optimal>
            </RequirementOnFriday>
            <RequirementOnSaturday>
                <Minimum>1</Minimum>
                <Optimal>1</Optimal>
            </RequirementOnSaturday>
            <RequirementOnSunday>
                <Minimum>1</Minimum>
                <Optimal>1</Optimal>
            </RequirementOnSunday>
        </Requirement>
        <Requirement>
            <ShiftType>Late</ShiftType>
            <Skill>HeadNurse</Skill>
            <RequirementOnMonday>
                <Minimum>1</Minimum>
                <Optimal>1</Optimal>
            </RequirementOnMonday>
            <RequirementOnTuesday>
                <Minimum>1</Minimum>
                <Optimal>2</Optimal>
            </RequirementOnTuesday>
            <RequirementOnWednesday>
                <Minimum>0</Minimum>
                <Optimal>0</Optimal>
            </RequirementOnWednesday>
            <RequirementOnThursday>
                <Minimum>0</Minimum>
                <Optimal>1</Optimal>
            </RequirementOnThursday>
            <RequirementOnFriday>
                <Minimum>1</Minimum>
                <Optimal>1</Optimal>
            </RequirementOnFriday>
            <RequirementOnSaturday>
                <Minimum>0</Minimum>
                <Optimal>0</Optimal>
            </RequirementOnSaturday>
            <RequirementOnSunday>
                <Minimum>1</Minimum>
                <Optimal>1</Optimal>
            </RequirementOnSunday>
        </Requirement>
        <Requirement>
            <ShiftType>Late</ShiftType>
            <Skill>Nurse</Skill>
            <RequirementOnMonday>
                <Minimum>1</Minimum>
                <Optimal>2</Optimal>
            </RequirementOnMonday>
            <RequirementOnTuesday>
                <Minimum>2</Minimum>
                <Optimal>3</Optimal>
            </RequirementOnTuesday>
            <RequirementOnWednesday>
                <Minimum>2</Minimum>
                <Optimal>3</Optimal>
            </RequirementOnWednesday>
            <RequirementOnThursday>
                <Minimum>1</Minimum>
                <Optimal>1</Optimal>
            </RequirementOnThursday>
            <RequirementOnFriday>
                <Minimum>2</Minimum>
                <Optimal>3</Optimal>
            </RequirementOnFriday>
            <RequirementOnSaturday>
                <Minimum>1</Minimum>
                <Optimal>2</Optimal>
            </RequirementOnSaturday>
            <RequirementOnSunday>
                <Minimum>1</Minimum>
                <Optimal>1</Optimal>
            </RequirementOnSunday>
        </Requirement>
        <Requirement>
            <ShiftType>Late</ShiftType>
            <Skill>Caretaker</Skill>
            <RequirementOnMonday>
                <Minimum>5</Minimum>
                <Optimal>7</Optimal>
            </RequirementOnMonday>
            <RequirementOnTuesday>
                <Minimum>3</Minimum>
                <Optimal>4</Optimal>
            </RequirementOnTuesday>
            <RequirementOnWednesday>
                <Minimum>4</Minimum>
                <Optimal>7</Optimal>
            </RequirementOnWednesday>
            <RequirementOnThursday>
                <Minimum>4</Minimum>
                <Optimal>6</Optimal>
            </RequirementOnThursday>
            <RequirementOnFriday>
                <Minimum>3</Minimum>
                <Optimal>6</Optimal>
            </RequirementOnFriday>
            <RequirementOnSaturday>
                <Minimum>3</Minimum>
                <Optimal>3</Optimal>
            </RequirementOnSaturday>
            <RequirementOnSunday>
                <Minimum>4</Minimum>
                <Optimal>5</Optimal>
            </RequirementOnSunday>
        </Requirement>
        <Requirement>
            <ShiftType>Late</ShiftType>
            <Skill>Trainee</Skill>
            <RequirementOnMonday>
                <Minimum>2</Minimum>
                <Optimal>3</Optimal>
            </RequirementOnMonday>
            <RequirementOnTuesday>
                <Minimum>2</Minimum>
                <Optimal>2</Optimal>
            </RequirementOnTuesday>
            <RequirementOnWednesday>
                <Minimum>1</Minimum>
                <Optimal>2</Optimal>
            </RequirementOnWednesday>
            <RequirementOnThursday>
                <Minimum>2</Minimum>
                <Optimal>3</Optimal>
            </RequirementOnThursday>
            <RequirementOnFriday>
                <Minimum>2</Minimum>
                <Optimal>3</Optimal>
            </RequirementOnFriday>
            <RequirementOnSaturday>
                <Minimum>1</Minimum>
                <Optimal>1</Optimal>
            </RequirementOnSaturday>
            <RequirementOnSunday>
                <Minimum>1</Minimum>
                <Optimal>1</Optimal>
            </RequirementOnSunday>
        </Requirement>
        <Requirement>
            <ShiftType>Night</ShiftType>
            <Skill>HeadNurse</Skill>
            <RequirementOnMonday>
                <Minimum>0</Minimum>
                <Optimal>0</Optimal>
            </RequirementOnMonday>
            <RequirementOnTuesday>
                <Minimum>0</Minimum>
                <Optimal>0</Optimal>
            </RequirementOnTuesday>
            <RequirementOnWednesday>
                <Minimum>0</Minimum>
                <Optimal>0</Optimal>
            </RequirementOnWednesday>
            <RequirementOnThursday>
                <Minimum>1</Minimum>
                <Optimal>1</Optimal>
            </RequirementOnThursday>
            <RequirementOnFriday>
                <Minimum>1</Minimum>
                <Optimal>1</Optimal>
            </RequirementOnFriday>
            <RequirementOnSaturday>
                <Minimum>1</Minimum>
                <Optimal>1</Optimal>
            </RequirementOnSaturday>
            <RequirementOnSunday>
                <Minimum>1</Minimum>
                <Optimal>1</Optimal>
            </RequirementOnSunday>
        </Requirement>
        <Requirement>
            <ShiftType>Night</ShiftType>
            <Skill>Nurse</Skill>
            <RequirementOnMonday>
                <Minimum>2</Minimum>
                <Optimal>3</Optimal>
            </RequirementOnMonday>
            <RequirementOnTuesday>
                <Minimum>3</Minimum>
                <Optimal>4</Optimal>
            </RequirementOnTuesday>
            <RequirementOnWednesday>
                <Minimum>2</Minimum>
                <Optimal>2</Optimal>
            </RequirementOnWednesday>
            <RequirementOnThursday>
                <Minimum>2</Minimum>
                <Optimal>2</Optimal>
            </RequirementOnThursday>
            <RequirementOnFriday>
                <Minimum>2</Minimum>
                <Optimal>2</Optimal>
            </RequirementOnFriday>
            <RequirementOnSaturday>
                <Minimum>1</Minimum>
                <Optimal>1</Optimal>
            </RequirementOnSaturday>
            <RequirementOnSunday>
                <Minimum>1</Minimum>
                <Optimal>2</Optimal>
            </RequirementOnSunday>
        </Requirement>
        <Requirement>
            <ShiftType>Night</ShiftType>
            <Skill>Caretaker</Skill>
            <RequirementOnMonday>
                <Minimum>3</Minimum>
                <Optimal>7</Optimal>
            </RequirementOnMonday>
            <RequirementOnTuesday>
                <Minimum>5</Minimum>
                <Optimal>8</Optimal>
            </RequirementOnTuesday>
            <RequirementOnWednesday>
                <Minimum>5</Minimum>
                <Optimal>7</Optimal>
            </RequirementOnWednesday>
            <RequirementOnThursday>
                <Minimum>4</Minimum>
                <Optimal>7</Optimal>
            </RequirementOnThursday>
            <RequirementOnFriday>
                <Minimum>3</Minimum>
                <Optimal>7</Optimal>
            </RequirementOnFriday>
            <RequirementOnSaturday>
                <Minimum>1</Minimum>
                <Optimal>2</Optimal>
            </RequirementOnSaturday>
            <RequirementOnSunday>
                <Minimum>2</Minimum>
                <Optimal>5</Optimal>
            </RequirementOnSunday>
        </Requirement>
        <Requirement>
            <ShiftType>Night</ShiftType>
            <Skill>Trainee</Skill>
            <RequirementOnMonday>
                <Minimum>2</Minimum>
                <Optimal>2</Optimal>
            </RequirementOnMonday>
            <RequirementOnTuesday>
                <Minimum>2</Minimum>
                <Optimal>3</Optimal>
            </RequirementOnTuesday>
            <RequirementOnWednesday>
                <Minimum>2</Minimum>
                <Optimal>4</Optimal>
            </RequirementOnWednesday>
            <RequirementOnThursday>
                <Minimum>2</Minimum>
                <Optimal>3</Optimal>
            </RequirementOnThursday>
            <RequirementOnFriday>
                <Minimum>2</Minimum>
                <Optimal>4</Optimal>
            </RequirementOnFriday>
            <RequirementOnSaturday>
                <Minimum>1</Minimum>
                <Optimal>1</Optimal>
            </RequirementOnSaturday>
            <RequirementOnSunday>
                <Minimum>1</Minimum>
                <Optimal>2</Optimal>
            </RequirementOnSunday>
        </Requirement>
    </Requirements>
    <ShiftOffRequests>
        <ShiftOffRequest>
            <Nurse>CT_42</Nurse>
            <ShiftType>Night</ShiftType>
            <Day>Monday</Day>
        </ShiftOffRequest>
        <ShiftOffRequest>
            <Nurse>HN_9</Nurse>
            <ShiftType>Any</ShiftType>
            <Day>Monday</Day>
        </ShiftOffRequest>
        <ShiftOffRequest>
            <Nurse>TR_80</Nurse>
            <ShiftType>Any</ShiftType>
            <Day>Monday</Day>
        </ShiftOffRequest>
        <ShiftOffRequest>
            <Nurse>CT_44</Nurse>
            <ShiftType>Day</ShiftType>
            <Day>Tuesday</Day>
        </ShiftOffRequest>
        <ShiftOffRequest>
            <Nurse>CT_45</Nurse>
            <ShiftType>Day</ShiftType>
            <Day>Tuesday</Day>
        </ShiftOffRequest>
        <ShiftOffRequest>
            <Nurse>CT_47</Nurse>
            <ShiftType>Any</ShiftType>
            <Day>Tuesday</Day>
        </ShiftOffRequest>
        <ShiftOffRequest>
            <Nurse>HN_2</Nurse>
            <ShiftType>Any</ShiftType>
            <Day>Tuesday</Day>
        </ShiftOffRequest>
        <ShiftOffRequest>
            <Nurse>NU_30</Nurse>
            <ShiftType>Late</ShiftType>
            <Day>Tuesday</Day>
        </ShiftOffRequest>
        <ShiftOffRequest>
            <Nurse>TR_89</Nurse>
            <ShiftType>Night</ShiftType>
            <Day>Tuesday</Day>
        </ShiftOffRequest>
        <ShiftOffRequest>
            <Nurse>CT_46</Nurse>
            <ShiftType>Any</ShiftType>
            <Day>Wednesday</Day>
        </ShiftOffRequest>
        <ShiftOffRequest>
            <Nurse>CT_47</Nurse>
            <ShiftType>Any</ShiftType>
            <Day>Wednesday</Day>
        </ShiftOffRequest>
        <ShiftOffRequest>
            <Nurse>CT_54</Nurse>
            <ShiftType>Any</ShiftType>
            <Day>Wednesday</Day>
        </ShiftOffRequest>
        <ShiftOffRequest>
            <Nurse>CT_68</Nurse>
            <ShiftType>Any</ShiftType>
            <Day>Wednesday</Day>
        </ShiftOffRequest>
        <ShiftOffRequest>
            <Nurse>NU_33</Nurse>
            <ShiftType>Late</ShiftType>
            <Day>Wednesday</Day>
        </ShiftOffRequest>
        <ShiftOffRequest>
            <Nurse>TR_76</Nurse>
            <ShiftType>Day</ShiftType>
            <Day>Wednesday</Day>
        </ShiftOffRequest>
        <ShiftOffRequest>
            <Nurse>TR_83</Nurse>
            <ShiftType>Day</ShiftType>
            <Day>Wednesday</Day>
        </ShiftOffRequest>
        <ShiftOffRequest>
            <Nurse>TR_85</Nurse>
            <ShiftType>Any</ShiftType>
            <Day>Wednesday</Day>
        </ShiftOffRequest>
        <ShiftOffRequest>
            <Nurse>TR_87</Nurse>
            <ShiftType>Any</ShiftType>
            <Day>Wednesday</Day>
        </ShiftOffRequest>
        <ShiftOffRequest>
            <Nurse>TR_90</Nurse>
            <ShiftType>Late</ShiftType>
            <Day>Wednesday</Day>
        </ShiftOffRequest>
        <ShiftOffRequest>
            <Nurse>TR_96</Nurse>
            <ShiftType>Any</ShiftType>
            <Day>Wednesday</Day>
        </ShiftOffRequest>
        <ShiftOffRequest>
            <Nurse>CT_38</Nurse>
            <ShiftType>Any</ShiftType>
            <Day>Thursday</Day>
        </ShiftOffRequest>
        <ShiftOffRequest>
            <Nurse>CT_39</Nurse>
            <ShiftType>Day</ShiftType>
            <Day>Thursday</Day>
        </ShiftOffRequest>
        <ShiftOffRequest>
            <Nurse>HN_11</Nurse>
            <ShiftType>Any</ShiftType>
            <Day>Thursday</Day>
        </ShiftOffRequest>
        <ShiftOffRequest>
            <Nurse>HN_13</Nurse>
            <ShiftType>Day</ShiftType>
            <Day>Thursday</Day>
        </ShiftOffRequest>
        <ShiftOffRequest>
            <Nurse>HN_2</Nurse>
            <ShiftType>Any</ShiftType>
            <Day>Thursday</Day>
        </ShiftOffRequest>
        <ShiftOffRequest>
            <Nurse>NU_27</Nurse>
            <ShiftType>Any</ShiftType>
            <Day>Thursday</Day>
        </ShiftOffRequest>
        <ShiftOffRequest>
            <Nurse>TR_80</Nurse>
            <ShiftType>Any</ShiftType>
            <Day>Thursday</Day>
        </ShiftOffRequest>
        <ShiftOffRequest>
            <Nurse>TR_81</Nurse>
            <ShiftType>Day</ShiftType>
            <Day>Thursday</Day>
        </ShiftOffRequest>
        <ShiftOffRequest>
            <Nurse>TR_91</Nurse>
            <ShiftType>Any</ShiftType>
            <Day>Thursday</Day>
        </ShiftOffRequest>
        <ShiftOffRequest>
            <Nurse>TR_97</Nurse>
            <ShiftType>Night</ShiftType>
            <Day>Thursday</Day>
        </ShiftOffRequest>
        <ShiftOffRequest>
            <Nurse>CT_37</Nurse>
            <ShiftType>Late</ShiftType>
            <Day>Friday</Day>
        </ShiftOffRequest>
        <ShiftOffRequest>
            <Nurse>CT_39</Nurse>
            <ShiftType>Any</ShiftType>
            <Day>Friday</Day>
        </ShiftOffRequest>
        <ShiftOffRequest>
            <Nurse>CT_46</Nurse>
            <ShiftType>Any</ShiftType>
            <Day>Friday</Day>
        </ShiftOffRequest>
        <ShiftOffRequest>
            <Nurse>CT_58</Nurse>
            <ShiftType>Any</ShiftType>
            <Day>Friday</Day>
        </ShiftOffRequest>
        <ShiftOffRequest>
            <Nurse>CT_70</Nurse>
            <ShiftType>Any</ShiftType>
            <Day>Friday</Day>
        </ShiftOffRequest>
        <ShiftOffRequest>
            <Nurse>HN_6</Nurse>
            <ShiftType>Late</ShiftType>
            <Day>Friday</Day>
        </ShiftOffRequest>
        <ShiftOffRequest>
            <Nurse>NU_16</Nurse>
            <ShiftType>Any</ShiftType>
            <Day>Friday</Day>
        </ShiftOffRequest>
        <ShiftOffRequest>
            <Nurse>NU_21</Nurse>
            <ShiftType>Any</ShiftType>
            <Day>Friday</Day>
        </ShiftOffRequest>
        <ShiftOffRequest>
            <Nurse>TR_79</Nurse>
            <ShiftType>Any</ShiftType>
            <Day>Friday</Day>
        </ShiftOffRequest>
        <ShiftOffRequest>
            <Nurse>TR_84</Nurse>
            <ShiftType>Any</ShiftType>
            <Day>Friday</Day>
        </ShiftOffRequest>
        <ShiftOffRequest>
            <Nurse>CT_37</Nurse>
            <ShiftType>Day</ShiftType>
            <Day>Saturday</Day>
        </ShiftOffRequest>
        <ShiftOffRequest>
            <Nurse>CT_38</Nurse>
            <ShiftType>Late</ShiftType>
            <Day>Saturday</Day>
        </ShiftOffRequest>
        <ShiftOffRequest>
            <Nurse>CT_49</Nurse>
            <ShiftType>Any</ShiftType>
            <Day>Saturday</Day>
        </ShiftOffRequest>
        <ShiftOffRequest>
            <Nurse>CT_51</Nurse>
            <ShiftType>Any</ShiftType>
            <Day>Saturday</Day>
        </ShiftOffRequest>
        <ShiftOffRequest>
            <Nurse>CT_55</Nurse>
            <ShiftType>Day</ShiftType>
            <Day>Saturday</Day>
        </ShiftOffRequest>
        <ShiftOffRequest>
            <Nurse>CT_58</Nurse>
            <ShiftType>Any</ShiftType>
            <Day>Saturday</Day>
        </ShiftOffRequest>
        <ShiftOffRequest>
            <Nurse>CT_70</Nurse>
            <ShiftType>Any</ShiftType>
            <Day>Saturday</Day>
        </ShiftOffRequest>
        <ShiftOffRequest>
            <Nurse>CT_71</Nurse>
            <ShiftType>Any</ShiftType>
            <Day>Saturday</Day>
        </ShiftOffRequest>
        <ShiftOffRequest>
            <Nurse>NU_16</Nurse>
            <ShiftType>Early</ShiftType>
            <Day>Saturday</Day>
        </ShiftOffRequest>
        <ShiftOffRequest>
            <Nurse>NU_21</Nurse>
            <ShiftType>Any</ShiftType>
            <Day>Saturday</Day>
        </ShiftOffRequest>
        <ShiftOffRequest>
            <Nurse>NU_26</Nurse>
            <ShiftType>Any</ShiftType>
            <Day>Saturday</Day>
        </ShiftOffRequest>
        <ShiftOffRequest>
            <Nurse>TR_83</Nurse>
            <ShiftType>Any</ShiftType>
            <Day>Saturday</Day>
        </ShiftOffRequest>
        <ShiftOffRequest>
            <Nurse>TR_93</Nurse>
            <ShiftType>Late</ShiftType>
            <Day>Saturday</Day>
        </ShiftOffRequest>
        <ShiftOffRequest>
            <Nurse>TR_94</Nurse>
            <ShiftType>Late</ShiftType>
            <Day>Saturday</Day>
        </ShiftOffRequest>
        <ShiftOffRequest>
            <Nurse>CT_43</Nurse>
            <ShiftType>Any</ShiftType>
            <Day>Sunday</Day>
        </ShiftOffRequest>
        <ShiftOffRequest>
            <Nurse>CT_45</Nurse>
            <ShiftType>Any</ShiftType>
            <Day>Sunday</Day>
        </ShiftOffRequest>
        <ShiftOffRequest>
            <Nurse>CT_56</Nurse>
            <ShiftType>Day</ShiftType>
            <Day>Sunday</Day>
        </ShiftOffRequest>
        <ShiftOffRequest>
            <Nurse>CT_59</Nurse>
            <ShiftType>Any</ShiftType>
            <Day>Sunday</Day>
        </ShiftOffRequest>
        <ShiftOffRequest>
            <Nurse>CT_64</Nurse>
            <ShiftType>Night</ShiftType>
            <Day>Sunday</Day>
        </ShiftOffRequest>
        <ShiftOffRequest>
            <Nurse>CT_73</Nurse>
            <ShiftType>Night</ShiftType>
            <Day>Sunday</Day>
        </ShiftOffRequest>
        <ShiftOffRequest>
            <Nurse>HN_8</Nurse>
            <ShiftType>Any</ShiftType>
            <Day>Sunday</Day>
        </ShiftOffRequest>
        <ShiftOffRequest>
            <Nurse>TR_85</Nurse>
            <ShiftType>Any</ShiftType>
            <Day>Sunday</Day>
        </ShiftOffRequest>
        <ShiftOffRequest>
            <Nurse>TR_96</Nurse>
            <ShiftType>Night</ShiftType>
            <Day>Sunday</Day>
        </ShiftOffRequest>
    </ShiftOffRequests>
</WeekData>
