<History 
xsi:noNamespaceSchemaLocation="History.xsd" xmlns:xsi="http://www.w3.org/2001/XMLSchema-instance" xmlns="">
    <Week>0</Week>
    <Scenario>n021w4_2</Scenario>
    <NursesHistory>
        <NurseHistory>
            <Nurse>HN_0</Nurse>
            <NumberOfAssignments>0</NumberOfAssignments>
            <NumberOfWorkingWeekends>0</NumberOfWorkingWeekends>
            <LastAssignedShiftType>Night</LastAssignedShiftType>
            <NumberOfConsecutiveAssignments>5</NumberOfConsecutiveAssignments>
            <NumberOfConsecutiveWorkingDays>5</NumberOfConsecutiveWorkingDays>
            <NumberOfConsecutiveDaysOff>0</NumberOfConsecutiveDaysOff>
        </NurseHistory>
        <NurseHistory>
            <Nurse>HN_1</Nurse>
            <NumberOfAssignments>0</NumberOfAssignments>
            <NumberOfWorkingWeekends>0</NumberOfWorkingWeekends>
            <LastAssignedShiftType>Late</LastAssignedShiftType>
            <NumberOfConsecutiveAssignments>1</NumberOfConsecutiveAssignments>
            <NumberOfConsecutiveWorkingDays>1</NumberOfConsecutiveWorkingDays>
            <NumberOfConsecutiveDaysOff>0</NumberOfConsecutiveDaysOff>
        </NurseHistory>
        <NurseHistory>
            <Nurse>HN_2</Nurse>
            <NumberOfAssignments>0</NumberOfAssignments>
            <NumberOfWorkingWeekends>0</NumberOfWorkingWeekends>
            <LastAssignedShiftType>None</LastAssignedShiftType>
            <NumberOfConsecutiveAssignments>0</NumberOfConsecutiveAssignments>
            <NumberOfConsecutiveWorkingDays>0</NumberOfConsecutiveWorkingDays>
            <NumberOfConsecutiveDaysOff>2</NumberOfConsecutiveDaysOff>
        </NurseHistory>
        <NurseHistory>
            <Nurse>NU_3</Nurse>
            <NumberOfAssignments>0</NumberOfAssignments>
            <NumberOfWorkingWeekends>0</NumberOfWorkingWeekends>
            <LastAssignedShiftType>Early</LastAssignedShiftType>
            <NumberOfConsecutiveAssignments>1</NumberOfConsecutiveAssignments>
            <NumberOfConsecutiveWorkingDays>1</NumberOfConsecutiveWorkingDays>
            <NumberOfConsecutiveDaysOff>0</NumberOfConsecutiveDaysOff>
        </NurseHistory>
        <NurseHistory>
            <Nurse>NU_4</Nurse>
            <NumberOfAssignments>0</NumberOfAssignments>
            <NumberOfWorkingWeekends>0</NumberOfWorkingWeekends>
            <LastAssignedShiftType>None</LastAssignedShiftType>
            <NumberOfConsecutiveAssignments>0</NumberOfConsecutiveAssignments>
            <NumberOfConsecutiveWorkingDays>0</NumberOfConsecutiveWorkingDays>
            <NumberOfConsecutiveDaysOff>5</NumberOfConsecutiveDaysOff>
        </NurseHistory>
        <NurseHistory>
            <Nurse>NU_5</Nurse>
            <NumberOfAssignments>0</NumberOfAssignments>
            <NumberOfWorkingWeekends>0</NumberOfWorkingWeekends>
            <LastAssignedShiftType>Day</LastAssignedShiftType>
            <NumberOfConsecutiveAssignments>4</NumberOfConsecutiveAssignments>
            <NumberOfConsecutiveWorkingDays>4</NumberOfConsecutiveWorkingDays>
            <NumberOfConsecutiveDaysOff>0</NumberOfConsecutiveDaysOff>
        </NurseHistory>
        <NurseHistory>
            <Nurse>NU_6</Nurse>
            <NumberOfAssignments>0</NumberOfAssignments>
            <NumberOfWorkingWeekends>0</NumberOfWorkingWeekends>
            <LastAssignedShiftType>Late</LastAssignedShiftType>
            <NumberOfConsecutiveAssignments>1</NumberOfConsecutiveAssignments>
            <NumberOfConsecutiveWorkingDays>3</NumberOfConsecutiveWorkingDays>
            <NumberOfConsecutiveDaysOff>0</NumberOfConsecutiveDaysOff>
        </NurseHistory>
        <NurseHistory>
            <Nurse>NU_7</Nurse>
            <NumberOfAssignments>0</NumberOfAssignments>
            <NumberOfWorkingWeekends>0</NumberOfWorkingWeekends>
            <LastAssignedShiftType>None</LastAssignedShiftType>
            <NumberOfConsecutiveAssignments>0</NumberOfConsecutiveAssignments>
            <NumberOfConsecutiveWorkingDays>0</NumberOfConsecutiveWorkingDays>
            <NumberOfConsecutiveDaysOff>2</NumberOfConsecutiveDaysOff>
        </NurseHistory>
        <NurseHistory>
            <Nurse>NU_8</Nurse>
            <NumberOfAssignments>0</NumberOfAssignments>
            <NumberOfWorkingWeekends>0</NumberOfWorkingWeekends>
            <LastAssignedShiftType>Late</LastAssignedShiftType>
            <NumberOfConsecutiveAssignments>2</NumberOfConsecutiveAssignments>
            <NumberOfConsecutiveWorkingDays>4</NumberOfConsecutiveWorkingDays>
            <NumberOfConsecutiveDaysOff>0</NumberOfConsecutiveDaysOff>
        </NurseHistory>
        <NurseHistory>
            <Nurse>NU_9</Nurse>
            <NumberOfAssignments>0</NumberOfAssignments>
            <NumberOfWorkingWeekends>0</NumberOfWorkingWeekends>
            <LastAssignedShiftType>Night</LastAssignedShiftType>
            <NumberOfConsecutiveAssignments>3</NumberOfConsecutiveAssignments>
            <NumberOfConsecutiveWorkingDays>3</NumberOfConsecutiveWorkingDays>
            <NumberOfConsecutiveDaysOff>0</NumberOfConsecutiveDaysOff>
        </NurseHistory>
        <NurseHistory>
            <Nurse>NU_10</Nurse>
            <NumberOfAssignments>0</NumberOfAssignments>
            <NumberOfWorkingWeekends>0</NumberOfWorkingWeekends>
            <LastAssignedShiftType>None</LastAssignedShiftType>
            <NumberOfConsecutiveAssignments>0</NumberOfConsecutiveAssignments>
            <NumberOfConsecutiveWorkingDays>0</NumberOfConsecutiveWorkingDays>
            <NumberOfConsecutiveDaysOff>3</NumberOfConsecutiveDaysOff>
        </NurseHistory>
        <NurseHistory>
            <Nurse>CT_11</Nurse>
            <NumberOfAssignments>0</NumberOfAssignments>
            <NumberOfWorkingWeekends>0</NumberOfWorkingWeekends>
            <LastAssignedShiftType>Night</LastAssignedShiftType>
            <NumberOfConsecutiveAssignments>2</NumberOfConsecutiveAssignments>
            <NumberOfConsecutiveWorkingDays>2</NumberOfConsecutiveWorkingDays>
            <NumberOfConsecutiveDaysOff>0</NumberOfConsecutiveDaysOff>
        </NurseHistory>
        <NurseHistory>
            <Nurse>CT_12</Nurse>
            <NumberOfAssignments>0</NumberOfAssignments>
            <NumberOfWorkingWeekends>0</NumberOfWorkingWeekends>
            <LastAssignedShiftType>Day</LastAssignedShiftType>
            <NumberOfConsecutiveAssignments>2</NumberOfConsecutiveAssignments>
            <NumberOfConsecutiveWorkingDays>2</NumberOfConsecutiveWorkingDays>
            <NumberOfConsecutiveDaysOff>0</NumberOfConsecutiveDaysOff>
        </NurseHistory>
        <NurseHistory>
            <Nurse>CT_13</Nurse>
            <NumberOfAssignments>0</NumberOfAssignments>
            <NumberOfWorkingWeekends>0</NumberOfWorkingWeekends>
            <LastAssignedShiftType>Early</LastAssignedShiftType>
            <NumberOfConsecutiveAssignments>3</NumberOfConsecutiveAssignments>
            <NumberOfConsecutiveWorkingDays>5</NumberOfConsecutiveWorkingDays>
            <NumberOfConsecutiveDaysOff>0</NumberOfConsecutiveDaysOff>
        </NurseHistory>
        <NurseHistory>
            <Nurse>CT_14</Nurse>
            <NumberOfAssignments>0</NumberOfAssignments>
            <NumberOfWorkingWeekends>0</NumberOfWorkingWeekends>
            <LastAssignedShiftType>None</LastAssignedShiftType>
            <NumberOfConsecutiveAssignments>0</NumberOfConsecutiveAssignments>
            <NumberOfConsecutiveWorkingDays>0</NumberOfConsecutiveWorkingDays>
            <NumberOfConsecutiveDaysOff>3</NumberOfConsecutiveDaysOff>
        </NurseHistory>
        <NurseHistory>
            <Nurse>CT_15</Nurse>
            <NumberOfAssignments>0</NumberOfAssignments>
            <NumberOfWorkingWeekends>0</NumberOfWorkingWeekends>
            <LastAssignedShiftType>None</LastAssignedShiftType>
            <NumberOfConsecutiveAssignments>0</NumberOfConsecutiveAssignments>
            <NumberOfConsecutiveWorkingDays>0</NumberOfConsecutiveWorkingDays>
            <NumberOfConsecutiveDaysOff>2</NumberOfConsecutiveDaysOff>
        </NurseHistory>
        <NurseHistory>
            <Nurse>TR_16</Nurse>
            <NumberOfAssignments>0</NumberOfAssignments>
            <NumberOfWorkingWeekends>0</NumberOfWorkingWeekends>
            <LastAssignedShiftType>None</LastAssignedShiftType>
            <NumberOfConsecutiveAssignments>0</NumberOfConsecutiveAssignments>
            <NumberOfConsecutiveWorkingDays>0</NumberOfConsecutiveWorkingDays>
            <NumberOfConsecutiveDaysOff>3</NumberOfConsecutiveDaysOff>
        </NurseHistory>
        <NurseHistory>
            <Nurse>TR_17</Nurse>
            <NumberOfAssignments>0</NumberOfAssignments>
            <NumberOfWorkingWeekends>0</NumberOfWorkingWeekends>
            <LastAssignedShiftType>Day</LastAssignedShiftType>
            <NumberOfConsecutiveAssignments>1</NumberOfConsecutiveAssignments>
            <NumberOfConsecutiveWorkingDays>2</NumberOfConsecutiveWorkingDays>
            <NumberOfConsecutiveDaysOff>0</NumberOfConsecutiveDaysOff>
        </NurseHistory>
        <NurseHistory>
            <Nurse>TR_18</Nurse>
            <NumberOfAssignments>0</NumberOfAssignments>
            <NumberOfWorkingWeekends>0</NumberOfWorkingWeekends>
            <LastAssignedShiftType>Night</LastAssignedShiftType>
            <NumberOfConsecutiveAssignments>4</NumberOfConsecutiveAssignments>
            <NumberOfConsecutiveWorkingDays>4</NumberOfConsecutiveWorkingDays>
            <NumberOfConsecutiveDaysOff>0</NumberOfConsecutiveDaysOff>
        </NurseHistory>
        <NurseHistory>
            <Nurse>TR_19</Nurse>
            <NumberOfAssignments>0</NumberOfAssignments>
            <NumberOfWorkingWeekends>0</NumberOfWorkingWeekends>
            <LastAssignedShiftType>Late</LastAssignedShiftType>
            <NumberOfConsecutiveAssignments>2</NumberOfConsecutiveAssignments>
            <NumberOfConsecutiveWorkingDays>4</NumberOfConsecutiveWorkingDays>
            <NumberOfConsecutiveDaysOff>0</NumberOfConsecutiveDaysOff>
        </NurseHistory>
        <NurseHistory>
            <Nurse>TR_20</Nurse>
            <NumberOfAssignments>0</NumberOfAssignments>
            <NumberOfWorkingWeekends>0</NumberOfWorkingWeekends>
            <LastAssignedShiftType>None</LastAssignedShiftType>
            <NumberOfConsecutiveAssignments>0</NumberOfConsecutiveAssignments>
            <NumberOfConsecutiveWorkingDays>0</NumberOfConsecutiveWorkingDays>
            <NumberOfConsecutiveDaysOff>3</NumberOfConsecutiveDaysOff>
        </NurseHistory>
    </NursesHistory>
</History>
