<Scenario 
Id="n021w4_2" xsi:noNamespaceSchemaLocation="Scenario.xsd" xmlns:xsi="http://www.w3.org/2001/XMLSchema-instance" xmlns="">
    <NumberOfWeeks>4</NumberOfWeeks>
    <Skills>
        <Skill>HeadNurse</Skill>
        <Skill>Nurse</Skill>
        <Skill>Caretaker</Skill>
        <Skill>Trainee</Skill>
    </Skills>
    <ShiftTypes>
        <ShiftType Id="Early">
            <NumberOfConsecutiveAssignments>
                <Minimum>2</Minimum>
                <Maximum>5</Maximum>
            </NumberOfConsecutiveAssignments>
        </ShiftType>
        <ShiftType Id="Day">
            <NumberOfConsecutiveAssignments>
                <Minimum>2</Minimum>
                <Maximum>28</Maximum>
            </NumberOfConsecutiveAssignments>
        </ShiftType>
        <ShiftType Id="Late">
            <NumberOfConsecutiveAssignments>
                <Minimum>2</Minimum>
                <Maximum>5</Maximum>
            </NumberOfConsecutiveAssignments>
        </ShiftType>
        <ShiftType Id="Night">
            <NumberOfConsecutiveAssignments>
                <Minimum>4</Minimum>
                <Maximum>5</Maximum>
            </NumberOfConsecutiveAssignments>
        </ShiftType>
    </ShiftTypes>
    <ForbiddenShiftTypeSuccessions>
        <ShiftTypeSuccession>
            <PrecedingShiftType>Early</PrecedingShiftType>
            <SucceedingShiftTypes/>
        </ShiftTypeSuccession>
        <ShiftTypeSuccession>
            <PrecedingShiftType>Day</PrecedingShiftType>
            <SucceedingShiftTypes/>
        </ShiftTypeSuccession>
        <ShiftTypeSuccession>
            <PrecedingShiftType>Late</PrecedingShiftType>
            <SucceedingShiftTypes>
                <ShiftType>Early</ShiftType>
                <ShiftType>Day</ShiftType>
            </SucceedingShiftTypes>
        </ShiftTypeSuccession>
        <ShiftTypeSuccession>
            <PrecedingShiftType>Night</PrecedingShiftType>
            <SucceedingShiftTypes>
                <ShiftType>Early</ShiftType>
                <ShiftType>Day</ShiftType>
                <ShiftType>Late</ShiftType>
            </SucceedingShiftTypes>
        </ShiftTypeSuccession>
    </ForbiddenShiftTypeSuccessions>
    <Contracts>
        <Contract Id="FullTime">
            <NumberOfAssignments>
                <Minimum>15</Minimum>
                <Maximum>22</Maximum>
            </NumberOfAssignments>
            <ConsecutiveWorkingDays>
                <Minimum>3</Minimum>
                <Maximum>5</Maximum>
            </ConsecutiveWorkingDays>
            <ConsecutiveDaysOff>
                <Minimum>2</Minimum>
                <Maximum>3</Maximum>
            </ConsecutiveDaysOff>
            <MaximumNumberOfWorkingWeekends>3</MaximumNumberOfWorkingWeekends>
            <CompleteWeekends>1</CompleteWeekends>
        </Contract>
        <Contract Id="PartTime">
            <NumberOfAssignments>
                <Minimum>7</Minimum>
                <Maximum>15</Maximum>
            </NumberOfAssignments>
            <ConsecutiveWorkingDays>
                <Minimum>3</Minimum>
                <Maximum>5</Maximum>
            </ConsecutiveWorkingDays>
            <ConsecutiveDaysOff>
                <Minimum>2</Minimum>
                <Maximum>5</Maximum>
            </ConsecutiveDaysOff>
            <MaximumNumberOfWorkingWeekends>3</MaximumNumberOfWorkingWeekends>
            <CompleteWeekends>1</CompleteWeekends>
        </Contract>
        <Contract Id="HalfTime">
            <NumberOfAssignments>
                <Minimum>7</Minimum>
                <Maximum>11</Maximum>
            </NumberOfAssignments>
            <ConsecutiveWorkingDays>
                <Minimum>3</Minimum>
                <Maximum>5</Maximum>
            </ConsecutiveWorkingDays>
            <ConsecutiveDaysOff>
                <Minimum>3</Minimum>
                <Maximum>5</Maximum>
            </ConsecutiveDaysOff>
            <MaximumNumberOfWorkingWeekends>3</MaximumNumberOfWorkingWeekends>
            <CompleteWeekends>1</CompleteWeekends>
        </Contract>
    </Contracts>
    <Nurses>
        <Nurse Id="HN_0">
            <Contract>FullTime</Contract>
            <Skills>
                <Skill>HeadNurse</Skill>
                <Skill>Nurse</Skill>
                <Skill>Caretaker</Skill>
            </Skills>
        </Nurse>
        <Nurse Id="HN_1">
            <Contract>PartTime</Contract>
            <Skills>
                <Skill>HeadNurse</Skill>
                <Skill>Nurse</Skill>
                <Skill>Caretaker</Skill>
            </Skills>
        </Nurse>
        <Nurse Id="HN_2">
            <Contract>PartTime</Contract>
            <Skills>
                <Skill>HeadNurse</Skill>
                <Skill>Nurse</Skill>
                <Skill>Caretaker</Skill>
            </Skills>
        </Nurse>
        <Nurse Id="NU_3">
            <Contract>HalfTime</Contract>
            <Skills>
                <Skill>Nurse</Skill>
                <Skill>Caretaker</Skill>
            </Skills>
        </Nurse>
        <Nurse Id="NU_4">
            <Contract>PartTime</Contract>
            <Skills>
                <Skill>Nurse</Skill>
                <Skill>Caretaker</Skill>
            </Skills>
        </Nurse>
        <Nurse Id="NU_5">
            <Contract>PartTime</Contract>
            <Skills>
                <Skill>Nurse</Skill>
                <Skill>Caretaker</Skill>
            </Skills>
        </Nurse>
        <Nurse Id="NU_6">
            <Contract>HalfTime</Contract>
            <Skills>
                <Skill>Nurse</Skill>
                <Skill>Caretaker</Skill>
            </Skills>
        </Nurse>
        <Nurse Id="NU_7">
            <Contract>HalfTime</Contract>
            <Skills>
                <Skill>Nurse</Skill>
                <Skill>Caretaker</Skill>
            </Skills>
        </Nurse>
        <Nurse Id="NU_8">
            <Contract>FullTime</Contract>
            <Skills>
                <Skill>Nurse</Skill>
                <Skill>Caretaker</Skill>
            </Skills>
        </Nurse>
        <Nurse Id="NU_9">
            <Contract>PartTime</Contract>
            <Skills>
                <Skill>Nurse</Skill>
                <Skill>Caretaker</Skill>
            </Skills>
        </Nurse>
        <Nurse Id="NU_10">
            <Contract>HalfTime</Contract>
            <Skills>
                <Skill>Nurse</Skill>
                <Skill>Caretaker</Skill>
            </Skills>
        </Nurse>
        <Nurse Id="CT_11">
            <Contract>PartTime</Contract>
            <Skills>
                <Skill>Caretaker</Skill>
            </Skills>
        </Nurse>
        <Nurse Id="CT_12">
            <Contract>PartTime</Contract>
            <Skills>
                <Skill>Caretaker</Skill>
            </Skills>
        </Nurse>
        <Nurse Id="CT_13">
            <Contract>PartTime</Contract>
            <Skills>
                <Skill>Caretaker</Skill>
            </Skills>
        </Nurse>
        <Nurse Id="CT_14">
            <Contract>HalfTime</Contract>
            <Skills>
                <Skill>Caretaker</Skill>
            </Skills>
        </Nurse>
        <Nurse Id="CT_15">
            <Contract>HalfTime</Contract>
            <Skills>
                <Skill>Caretaker</Skill>
            </Skills>
        </Nurse>
        <Nurse Id="TR_16">
            <Contract>PartTime</Contract>
            <Skills>
                <Skill>Trainee</Skill>
            </Skills>
        </Nurse>
        <Nurse Id="TR_17">
            <Contract>HalfTime</Contract>
            <Skills>
                <Skill>Trainee</Skill>
            </Skills>
        </Nurse>
        <Nurse Id="TR_18">
            <Contract>FullTime</Contract>
            <Skills>
                <Skill>Trainee</Skill>
            </Skills>
        </Nurse>
        <Nurse Id="TR_19">
            <Contract>PartTime</Contract>
            <Skills>
                <Skill>Trainee</Skill>
            </Skills>
        </Nurse>
        <Nurse Id="TR_20">
            <Contract>PartTime</Contract>
            <Skills>
                <Skill>Trainee</Skill>
            </Skills>
        </Nurse>
    </Nurses>
</Scenario>
