<History 
xsi:noNamespaceSchemaLocation="History.xsd" xmlns:xsi="http://www.w3.org/2001/XMLSchema-instance" xmlns="">
    <Week>0</Week>
    <Scenario>n012w8</Scenario>
    <NursesHistory>
        <NurseHistory>
            <Nurse>Alice</Nurse>
            <NumberOfAssignments>0</NumberOfAssignments>
            <NumberOfWorkingWeekends>0</NumberOfWorkingWeekends>
            <LastAssignedShiftType>Day</LastAssignedShiftType>
            <NumberOfConsecutiveAssignments>1</NumberOfConsecutiveAssignments>
            <NumberOfConsecutiveWorkingDays>4</NumberOfConsecutiveWorkingDays>
            <NumberOfConsecutiveDaysOff>0</NumberOfConsecutiveDaysOff>
        </NurseHistory>
        <NurseHistory>
            <Nurse>Bob</Nurse>
            <NumberOfAssignments>0</NumberOfAssignments>
            <NumberOfWorkingWeekends>0</NumberOfWorkingWeekends>
            <LastAssignedShiftType>Early</LastAssignedShiftType>
            <NumberOfConsecutiveAssignments>3</NumberOfConsecutiveAssignments>
            <NumberOfConsecutiveWorkingDays>4</NumberOfConsecutiveWorkingDays>
            <NumberOfConsecutiveDaysOff>0</NumberOfConsecutiveDaysOff>
        </NurseHistory>
        <NurseHistory>
            <Nurse>John</Nurse>
            <NumberOfAssignments>0</NumberOfAssignments>
            <NumberOfWorkingWeekends>0</NumberOfWorkingWeekends>
            <LastAssignedShiftType>None</LastAssignedShiftType>
            <NumberOfConsecutiveAssignments>0</NumberOfConsecutiveAssignments>
            <NumberOfConsecutiveWorkingDays>0</NumberOfConsecutiveWorkingDays>
            <NumberOfConsecutiveDaysOff>2</NumberOfConsecutiveDaysOff>
        </NurseHistory>
        <NurseHistory>
            <Nurse>Kate</Nurse>
            <NumberOfAssignments>0</NumberOfAssignments>
            <NumberOfWorkingWeekends>0</NumberOfWorkingWeekends>
            <LastAssignedShiftType>Late</LastAssignedShiftType>
            <NumberOfConsecutiveAssignments>3</NumberOfConsecutiveAssignments>
            <NumberOfConsecutiveWorkingDays>3</NumberOfConsecutiveWorkingDays>
            <NumberOfConsecutiveDaysOff>0</NumberOfConsecutiveDaysOff>
        </NurseHistory>
        <NurseHistory>
            <Nurse>Mary</Nurse>
            <NumberOfAssignments>0</NumberOfAssignments>
            <NumberOfWorkingWeekends>0</NumberOfWorkingWeekends>
            <LastAssignedShiftType>Night</LastAssignedShiftType>
            <NumberOfConsecutiveAssignments>1</NumberOfConsecutiveAssignments>
            <NumberOfConsecutiveWorkingDays>5</NumberOfConsecutiveWorkingDays>
            <NumberOfConsecutiveDaysOff>0</NumberOfConsecutiveDaysOff>
        </NurseHistory>
        <NurseHistory>
            <Nurse>Paul</Nurse>
            <NumberOfAssignments>0</NumberOfAssignments>
            <NumberOfWorkingWeekends>0</NumberOfWorkingWeekends>
            <LastAssignedShiftType>None</LastAssignedShiftType>
            <NumberOfConsecutiveAssignments>0</NumberOfConsecutiveAssignments>
            <NumberOfConsecutiveWorkingDays>0</NumberOfConsecutiveWorkingDays>
            <NumberOfConsecutiveDaysOff>2</NumberOfConsecutiveDaysOff>
        </NurseHistory>
        <NurseHistory>
            <Nurse>Arthur</Nurse>
            <NumberOfAssignments>0</NumberOfAssignments>
            <NumberOfWorkingWeekends>0</NumberOfWorkingWeekends>
            <LastAssignedShiftType>None</LastAssignedShiftType>
            <NumberOfConsecutiveAssignments>0</NumberOfConsecutiveAssignments>
            <NumberOfConsecutiveWorkingDays>0</NumberOfConsecutiveWorkingDays>
            <NumberOfConsecutiveDaysOff>4</NumberOfConsecutiveDaysOff>
        </NurseHistory>
        <NurseHistory>
            <Nurse>Pier</Nurse>
            <NumberOfAssignments>0</NumberOfAssignments>
            <NumberOfWorkingWeekends>0</NumberOfWorkingWeekends>
            <LastAssignedShiftType>None</LastAssignedShiftType>
            <NumberOfConsecutiveAssignments>0</NumberOfConsecutiveAssignments>
            <NumberOfConsecutiveWorkingDays>0</NumberOfConsecutiveWorkingDays>
            <NumberOfConsecutiveDaysOff>2</NumberOfConsecutiveDaysOff>
        </NurseHistory>
        <NurseHistory>
            <Nurse>Lucy</Nurse>
            <NumberOfAssignments>0</NumberOfAssignments>
            <NumberOfWorkingWeekends>0</NumberOfWorkingWeekends>
            <LastAssignedShiftType>None</LastAssignedShiftType>
            <NumberOfConsecutiveAssignments>0</NumberOfConsecutiveAssignments>
            <NumberOfConsecutiveWorkingDays>0</NumberOfConsecutiveWorkingDays>
            <NumberOfConsecutiveDaysOff>5</NumberOfConsecutiveDaysOff>
        </NurseHistory>
        <NurseHistory>
            <Nurse>Maggie</Nurse>
            <NumberOfAssignments>0</NumberOfAssignments>
            <NumberOfWorkingWeekends>0</NumberOfWorkingWeekends>
            <LastAssignedShiftType>Night</LastAssignedShiftType>
            <NumberOfConsecutiveAssignments>3</NumberOfConsecutiveAssignments>
            <NumberOfConsecutiveWorkingDays>5</NumberOfConsecutiveWorkingDays>
            <NumberOfConsecutiveDaysOff>0</NumberOfConsecutiveDaysOff>
        </NurseHistory>
        <NurseHistory>
            <Nurse>Patrick</Nurse>
            <NumberOfAssignments>0</NumberOfAssignments>
            <NumberOfWorkingWeekends>0</NumberOfWorkingWeekends>
            <LastAssignedShiftType>None</LastAssignedShiftType>
            <NumberOfConsecutiveAssignments>0</NumberOfConsecutiveAssignments>
            <NumberOfConsecutiveWorkingDays>0</NumberOfConsecutiveWorkingDays>
            <NumberOfConsecutiveDaysOff>2</NumberOfConsecutiveDaysOff>
        </NurseHistory>
        <NurseHistory>
            <Nurse>Jane</Nurse>
            <NumberOfAssignments>0</NumberOfAssignments>
            <NumberOfWorkingWeekends>0</NumberOfWorkingWeekends>
            <LastAssignedShiftType>None</LastAssignedShiftType>
            <NumberOfConsecutiveAssignments>0</NumberOfConsecutiveAssignments>
            <NumberOfConsecutiveWorkingDays>0</NumberOfConsecutiveWorkingDays>
            <NumberOfConsecutiveDaysOff>4</NumberOfConsecutiveDaysOff>
        </NurseHistory>
    </NursesHistory>
</History>
