<Scenario 
Id="n012w8" xsi:noNamespaceSchemaLocation="Scenario.xsd" xmlns:xsi="http://www.w3.org/2001/XMLSchema-instance" xmlns="">
    <NumberOfWeeks>8</NumberOfWeeks>
    <Skills>
        <Skill>HeadNurse</Skill>
        <Skill>Nurse</Skill>
    </Skills>
    <ShiftTypes>
        <ShiftType Id="Early">
            <NumberOfConsecutiveAssignments>
                <Minimum>2</Minimum>
                <Maximum>5</Maximum>
            </NumberOfConsecutiveAssignments>
        </ShiftType>
        <ShiftType Id="Day">
            <NumberOfConsecutiveAssignments>
                <Minimum>2</Minimum>
                <Maximum>56</Maximum>
            </NumberOfConsecutiveAssignments>
        </ShiftType>
        <ShiftType Id="Late">
            <NumberOfConsecutiveAssignments>
                <Minimum>2</Minimum>
                <Maximum>3</Maximum>
            </NumberOfConsecutiveAssignments>
        </ShiftType>
        <ShiftType Id="Night">
            <NumberOfConsecutiveAssignments>
                <Minimum>4</Minimum>
                <Maximum>5</Maximum>
            </NumberOfConsecutiveAssignments>
        </ShiftType>
    </ShiftTypes>
    <ForbiddenShiftTypeSuccessions>
        <ShiftTypeSuccession>
            <PrecedingShiftType>Early</PrecedingShiftType>
            <SucceedingShiftTypes/>
        </ShiftTypeSuccession>
        <ShiftTypeSuccession>
            <PrecedingShiftType>Day</PrecedingShiftType>
            <SucceedingShiftTypes/>
        </ShiftTypeSuccession>
        <ShiftTypeSuccession>
            <PrecedingShiftType>Late</PrecedingShiftType>
            <SucceedingShiftTypes>
                <ShiftType>Early</ShiftType>
                <ShiftType>Day</ShiftType>
            </SucceedingShiftTypes>
        </ShiftTypeSuccession>
        <ShiftTypeSuccession>
            <PrecedingShiftType>Night</PrecedingShiftType>
            <SucceedingShiftTypes>
                <ShiftType>Early</ShiftType>
                <ShiftType>Day</ShiftType>
                <ShiftType>Late</ShiftType>
            </SucceedingShiftTypes>
        </ShiftTypeSuccession>
    </ForbiddenShiftTypeSuccessions>
    <Contracts>
        <Contract Id="FullTime">
            <NumberOfAssignments>
                <Minimum>30</Minimum>
                <Maximum>44</Maximum>
            </NumberOfAssignments>
            <ConsecutiveWorkingDays>
                <Minimum>3</Minimum>
                <Maximum>5</Maximum>
            </ConsecutiveWorkingDays>
            <ConsecutiveDaysOff>
                <Minimum>2</Minimum>
                <Maximum>3</Maximum>
            </ConsecutiveDaysOff>
            <MaximumNumberOfWorkingWeekends>3</MaximumNumberOfWorkingWeekends>
            <CompleteWeekends>1</CompleteWeekends>
        </Contract>
        <Contract Id="PartTime">
            <NumberOfAssignments>
                <Minimum>14</Minimum>
                <Maximum>22</Maximum>
            </NumberOfAssignments>
            <ConsecutiveWorkingDays>
                <Minimum>3</Minimum>
                <Maximum>5</Maximum>
            </ConsecutiveWorkingDays>
            <ConsecutiveDaysOff>
                <Minimum>3</Minimum>
                <Maximum>5</Maximum>
            </ConsecutiveDaysOff>
            <MaximumNumberOfWorkingWeekends>3</MaximumNumberOfWorkingWeekends>
            <CompleteWeekends>1</CompleteWeekends>
        </Contract>
    </Contracts>
    <Nurses>
        <Nurse Id="Alice">
            <Contract>FullTime</Contract>
            <Skills>
                <Skill>HeadNurse</Skill>
                <Skill>Nurse</Skill>
            </Skills>
        </Nurse>
        <Nurse Id="Bob">
            <Contract>FullTime</Contract>
            <Skills>
                <Skill>HeadNurse</Skill>
                <Skill>Nurse</Skill>
            </Skills>
        </Nurse>
        <Nurse Id="John">
            <Contract>FullTime</Contract>
            <Skills>
                <Skill>Nurse</Skill>
            </Skills>
        </Nurse>
        <Nurse Id="Kate">
            <Contract>PartTime</Contract>
            <Skills>
                <Skill>HeadNurse</Skill>
                <Skill>Nurse</Skill>
            </Skills>
        </Nurse>
        <Nurse Id="Mary">
            <Contract>FullTime</Contract>
            <Skills>
                <Skill>Nurse</Skill>
            </Skills>
        </Nurse>
        <Nurse Id="Paul">
            <Contract>PartTime</Contract>
            <Skills>
                <Skill>Nurse</Skill>
            </Skills>
        </Nurse>
        <Nurse Id="Arthur">
            <Contract>PartTime</Contract>
            <Skills>
                <Skill>HeadNurse</Skill>
                <Skill>Nurse</Skill>
            </Skills>
        </Nurse>
        <Nurse Id="Pier">
            <Contract>FullTime</Contract>
            <Skills>
                <Skill>HeadNurse</Skill>
                <Skill>Nurse</Skill>
            </Skills>
        </Nurse>
        <Nurse Id="Lucy">
            <Contract>PartTime</Contract>
            <Skills>
                <Skill>Nurse</Skill>
            </Skills>
        </Nurse>
        <Nurse Id="Maggie">
            <Contract>FullTime</Contract>
            <Skills>
                <Skill>HeadNurse</Skill>
                <Skill>Nurse</Skill>
            </Skills>
        </Nurse>
        <Nurse Id="Patrick">
            <Contract>PartTime</Contract>
            <Skills>
                <Skill>HeadNurse</Skill>
                <Skill>Nurse</Skill>
            </Skills>
        </Nurse>
        <Nurse Id="Jane">
            <Contract>PartTime</Contract>
            <Skills>
                <Skill>Nurse</Skill>
            </Skills>
        </Nurse>
    </Nurses>
</Scenario>
