<History 
xsi:noNamespaceSchemaLocation="History.xsd" xmlns:xsi="http://www.w3.org/2001/XMLSchema-instance">
    <Week>0</Week>
    <Scenario>n080w8</Scenario>
    <NursesHistory>
        <NurseHistory>
            <Nurse>HN_0</Nurse>
            <NumberOfAssignments>0</NumberOfAssignments>
            <NumberOfWorkingWeekends>0</NumberOfWorkingWeekends>
            <LastAssignedShiftType>None</LastAssignedShiftType>
            <NumberOfConsecutiveAssignments>0</NumberOfConsecutiveAssignments>
            <NumberOfConsecutiveWorkingDays>0</NumberOfConsecutiveWorkingDays>
            <NumberOfConsecutiveDaysOff>2</NumberOfConsecutiveDaysOff>
        </NurseHistory>
        <NurseHistory>
            <Nurse>HN_1</Nurse>
            <NumberOfAssignments>0</NumberOfAssignments>
            <NumberOfWorkingWeekends>0</NumberOfWorkingWeekends>
            <LastAssignedShiftType>Early</LastAssignedShiftType>
            <NumberOfConsecutiveAssignments>1</NumberOfConsecutiveAssignments>
            <NumberOfConsecutiveWorkingDays>5</NumberOfConsecutiveWorkingDays>
            <NumberOfConsecutiveDaysOff>0</NumberOfConsecutiveDaysOff>
        </NurseHistory>
        <NurseHistory>
            <Nurse>HN_2</Nurse>
            <NumberOfAssignments>0</NumberOfAssignments>
            <NumberOfWorkingWeekends>0</NumberOfWorkingWeekends>
            <LastAssignedShiftType>None</LastAssignedShiftType>
            <NumberOfConsecutiveAssignments>0</NumberOfConsecutiveAssignments>
            <NumberOfConsecutiveWorkingDays>0</NumberOfConsecutiveWorkingDays>
            <NumberOfConsecutiveDaysOff>4</NumberOfConsecutiveDaysOff>
        </NurseHistory>
        <NurseHistory>
            <Nurse>HN_3</Nurse>
            <NumberOfAssignments>0</NumberOfAssignments>
            <NumberOfWorkingWeekends>0</NumberOfWorkingWeekends>
            <LastAssignedShiftType>None</LastAssignedShiftType>
            <NumberOfConsecutiveAssignments>0</NumberOfConsecutiveAssignments>
            <NumberOfConsecutiveWorkingDays>0</NumberOfConsecutiveWorkingDays>
            <NumberOfConsecutiveDaysOff>3</NumberOfConsecutiveDaysOff>
        </NurseHistory>
        <NurseHistory>
            <Nurse>HN_4</Nurse>
            <NumberOfAssignments>0</NumberOfAssignments>
            <NumberOfWorkingWeekends>0</NumberOfWorkingWeekends>
            <LastAssignedShiftType>None</LastAssignedShiftType>
            <NumberOfConsecutiveAssignments>0</NumberOfConsecutiveAssignments>
            <NumberOfConsecutiveWorkingDays>0</NumberOfConsecutiveWorkingDays>
            <NumberOfConsecutiveDaysOff>2</NumberOfConsecutiveDaysOff>
        </NurseHistory>
        <NurseHistory>
            <Nurse>HN_5</Nurse>
            <NumberOfAssignments>0</NumberOfAssignments>
            <NumberOfWorkingWeekends>0</NumberOfWorkingWeekends>
            <LastAssignedShiftType>None</LastAssignedShiftType>
            <NumberOfConsecutiveAssignments>0</NumberOfConsecutiveAssignments>
            <NumberOfConsecutiveWorkingDays>0</NumberOfConsecutiveWorkingDays>
            <NumberOfConsecutiveDaysOff>6</NumberOfConsecutiveDaysOff>
        </NurseHistory>
        <NurseHistory>
            <Nurse>HN_6</Nurse>
            <NumberOfAssignments>0</NumberOfAssignments>
            <NumberOfWorkingWeekends>0</NumberOfWorkingWeekends>
            <LastAssignedShiftType>Night</LastAssignedShiftType>
            <NumberOfConsecutiveAssignments>2</NumberOfConsecutiveAssignments>
            <NumberOfConsecutiveWorkingDays>5</NumberOfConsecutiveWorkingDays>
            <NumberOfConsecutiveDaysOff>0</NumberOfConsecutiveDaysOff>
        </NurseHistory>
        <NurseHistory>
            <Nurse>HN_7</Nurse>
            <NumberOfAssignments>0</NumberOfAssignments>
            <NumberOfWorkingWeekends>0</NumberOfWorkingWeekends>
            <LastAssignedShiftType>Late</LastAssignedShiftType>
            <NumberOfConsecutiveAssignments>1</NumberOfConsecutiveAssignments>
            <NumberOfConsecutiveWorkingDays>3</NumberOfConsecutiveWorkingDays>
            <NumberOfConsecutiveDaysOff>0</NumberOfConsecutiveDaysOff>
        </NurseHistory>
        <NurseHistory>
            <Nurse>HN_8</Nurse>
            <NumberOfAssignments>0</NumberOfAssignments>
            <NumberOfWorkingWeekends>0</NumberOfWorkingWeekends>
            <LastAssignedShiftType>None</LastAssignedShiftType>
            <NumberOfConsecutiveAssignments>0</NumberOfConsecutiveAssignments>
            <NumberOfConsecutiveWorkingDays>0</NumberOfConsecutiveWorkingDays>
            <NumberOfConsecutiveDaysOff>4</NumberOfConsecutiveDaysOff>
        </NurseHistory>
        <NurseHistory>
            <Nurse>HN_9</Nurse>
            <NumberOfAssignments>0</NumberOfAssignments>
            <NumberOfWorkingWeekends>0</NumberOfWorkingWeekends>
            <LastAssignedShiftType>None</LastAssignedShiftType>
            <NumberOfConsecutiveAssignments>0</NumberOfConsecutiveAssignments>
            <NumberOfConsecutiveWorkingDays>0</NumberOfConsecutiveWorkingDays>
            <NumberOfConsecutiveDaysOff>2</NumberOfConsecutiveDaysOff>
        </NurseHistory>
        <NurseHistory>
            <Nurse>NU_10</Nurse>
            <NumberOfAssignments>0</NumberOfAssignments>
            <NumberOfWorkingWeekends>0</NumberOfWorkingWeekends>
            <LastAssignedShiftType>Night</LastAssignedShiftType>
            <NumberOfConsecutiveAssignments>1</NumberOfConsecutiveAssignments>
            <NumberOfConsecutiveWorkingDays>4</NumberOfConsecutiveWorkingDays>
            <NumberOfConsecutiveDaysOff>0</NumberOfConsecutiveDaysOff>
        </NurseHistory>
        <NurseHistory>
            <Nurse>NU_11</Nurse>
            <NumberOfAssignments>0</NumberOfAssignments>
            <NumberOfWorkingWeekends>0</NumberOfWorkingWeekends>
            <LastAssignedShiftType>Late</LastAssignedShiftType>
            <NumberOfConsecutiveAssignments>3</NumberOfConsecutiveAssignments>
            <NumberOfConsecutiveWorkingDays>3</NumberOfConsecutiveWorkingDays>
            <NumberOfConsecutiveDaysOff>0</NumberOfConsecutiveDaysOff>
        </NurseHistory>
        <NurseHistory>
            <Nurse>NU_12</Nurse>
            <NumberOfAssignments>0</NumberOfAssignments>
            <NumberOfWorkingWeekends>0</NumberOfWorkingWeekends>
            <LastAssignedShiftType>None</LastAssignedShiftType>
            <NumberOfConsecutiveAssignments>0</NumberOfConsecutiveAssignments>
            <NumberOfConsecutiveWorkingDays>0</NumberOfConsecutiveWorkingDays>
            <NumberOfConsecutiveDaysOff>5</NumberOfConsecutiveDaysOff>
        </NurseHistory>
        <NurseHistory>
            <Nurse>NU_13</Nurse>
            <NumberOfAssignments>0</NumberOfAssignments>
            <NumberOfWorkingWeekends>0</NumberOfWorkingWeekends>
            <LastAssignedShiftType>None</LastAssignedShiftType>
            <NumberOfConsecutiveAssignments>0</NumberOfConsecutiveAssignments>
            <NumberOfConsecutiveWorkingDays>0</NumberOfConsecutiveWorkingDays>
            <NumberOfConsecutiveDaysOff>2</NumberOfConsecutiveDaysOff>
        </NurseHistory>
        <NurseHistory>
            <Nurse>NU_14</Nurse>
            <NumberOfAssignments>0</NumberOfAssignments>
            <NumberOfWorkingWeekends>0</NumberOfWorkingWeekends>
            <LastAssignedShiftType>None</LastAssignedShiftType>
            <NumberOfConsecutiveAssignments>0</NumberOfConsecutiveAssignments>
            <NumberOfConsecutiveWorkingDays>0</NumberOfConsecutiveWorkingDays>
            <NumberOfConsecutiveDaysOff>4</NumberOfConsecutiveDaysOff>
        </NurseHistory>
        <NurseHistory>
            <Nurse>NU_15</Nurse>
            <NumberOfAssignments>0</NumberOfAssignments>
            <NumberOfWorkingWeekends>0</NumberOfWorkingWeekends>
            <LastAssignedShiftType>Early</LastAssignedShiftType>
            <NumberOfConsecutiveAssignments>1</NumberOfConsecutiveAssignments>
            <NumberOfConsecutiveWorkingDays>4</NumberOfConsecutiveWorkingDays>
            <NumberOfConsecutiveDaysOff>0</NumberOfConsecutiveDaysOff>
        </NurseHistory>
        <NurseHistory>
            <Nurse>NU_16</Nurse>
            <NumberOfAssignments>0</NumberOfAssignments>
            <NumberOfWorkingWeekends>0</NumberOfWorkingWeekends>
            <LastAssignedShiftType>None</LastAssignedShiftType>
            <NumberOfConsecutiveAssignments>0</NumberOfConsecutiveAssignments>
            <NumberOfConsecutiveWorkingDays>0</NumberOfConsecutiveWorkingDays>
            <NumberOfConsecutiveDaysOff>2</NumberOfConsecutiveDaysOff>
        </NurseHistory>
        <NurseHistory>
            <Nurse>NU_17</Nurse>
            <NumberOfAssignments>0</NumberOfAssignments>
            <NumberOfWorkingWeekends>0</NumberOfWorkingWeekends>
            <LastAssignedShiftType>None</LastAssignedShiftType>
            <NumberOfConsecutiveAssignments>0</NumberOfConsecutiveAssignments>
            <NumberOfConsecutiveWorkingDays>0</NumberOfConsecutiveWorkingDays>
            <NumberOfConsecutiveDaysOff>3</NumberOfConsecutiveDaysOff>
        </NurseHistory>
        <NurseHistory>
            <Nurse>NU_18</Nurse>
            <NumberOfAssignments>0</NumberOfAssignments>
            <NumberOfWorkingWeekends>0</NumberOfWorkingWeekends>
            <LastAssignedShiftType>Day</LastAssignedShiftType>
            <NumberOfConsecutiveAssignments>1</NumberOfConsecutiveAssignments>
            <NumberOfConsecutiveWorkingDays>3</NumberOfConsecutiveWorkingDays>
            <NumberOfConsecutiveDaysOff>0</NumberOfConsecutiveDaysOff>
        </NurseHistory>
        <NurseHistory>
            <Nurse>NU_19</Nurse>
            <NumberOfAssignments>0</NumberOfAssignments>
            <NumberOfWorkingWeekends>0</NumberOfWorkingWeekends>
            <LastAssignedShiftType>Night</LastAssignedShiftType>
            <NumberOfConsecutiveAssignments>4</NumberOfConsecutiveAssignments>
            <NumberOfConsecutiveWorkingDays>4</NumberOfConsecutiveWorkingDays>
            <NumberOfConsecutiveDaysOff>0</NumberOfConsecutiveDaysOff>
        </NurseHistory>
        <NurseHistory>
            <Nurse>CT_20</Nurse>
            <NumberOfAssignments>0</NumberOfAssignments>
            <NumberOfWorkingWeekends>0</NumberOfWorkingWeekends>
            <LastAssignedShiftType>Late</LastAssignedShiftType>
            <NumberOfConsecutiveAssignments>4</NumberOfConsecutiveAssignments>
            <NumberOfConsecutiveWorkingDays>4</NumberOfConsecutiveWorkingDays>
            <NumberOfConsecutiveDaysOff>0</NumberOfConsecutiveDaysOff>
        </NurseHistory>
        <NurseHistory>
            <Nurse>CT_21</Nurse>
            <NumberOfAssignments>0</NumberOfAssignments>
            <NumberOfWorkingWeekends>0</NumberOfWorkingWeekends>
            <LastAssignedShiftType>None</LastAssignedShiftType>
            <NumberOfConsecutiveAssignments>0</NumberOfConsecutiveAssignments>
            <NumberOfConsecutiveWorkingDays>0</NumberOfConsecutiveWorkingDays>
            <NumberOfConsecutiveDaysOff>4</NumberOfConsecutiveDaysOff>
        </NurseHistory>
        <NurseHistory>
            <Nurse>CT_22</Nurse>
            <NumberOfAssignments>0</NumberOfAssignments>
            <NumberOfWorkingWeekends>0</NumberOfWorkingWeekends>
            <LastAssignedShiftType>None</LastAssignedShiftType>
            <NumberOfConsecutiveAssignments>0</NumberOfConsecutiveAssignments>
            <NumberOfConsecutiveWorkingDays>0</NumberOfConsecutiveWorkingDays>
            <NumberOfConsecutiveDaysOff>4</NumberOfConsecutiveDaysOff>
        </NurseHistory>
        <NurseHistory>
            <Nurse>CT_23</Nurse>
            <NumberOfAssignments>0</NumberOfAssignments>
            <NumberOfWorkingWeekends>0</NumberOfWorkingWeekends>
            <LastAssignedShiftType>None</LastAssignedShiftType>
            <NumberOfConsecutiveAssignments>0</NumberOfConsecutiveAssignments>
            <NumberOfConsecutiveWorkingDays>0</NumberOfConsecutiveWorkingDays>
            <NumberOfConsecutiveDaysOff>2</NumberOfConsecutiveDaysOff>
        </NurseHistory>
        <NurseHistory>
            <Nurse>CT_24</Nurse>
            <NumberOfAssignments>0</NumberOfAssignments>
            <NumberOfWorkingWeekends>0</NumberOfWorkingWeekends>
            <LastAssignedShiftType>None</LastAssignedShiftType>
            <NumberOfConsecutiveAssignments>0</NumberOfConsecutiveAssignments>
            <NumberOfConsecutiveWorkingDays>0</NumberOfConsecutiveWorkingDays>
            <NumberOfConsecutiveDaysOff>3</NumberOfConsecutiveDaysOff>
        </NurseHistory>
        <NurseHistory>
            <Nurse>CT_25</Nurse>
            <NumberOfAssignments>0</NumberOfAssignments>
            <NumberOfWorkingWeekends>0</NumberOfWorkingWeekends>
            <LastAssignedShiftType>None</LastAssignedShiftType>
            <NumberOfConsecutiveAssignments>0</NumberOfConsecutiveAssignments>
            <NumberOfConsecutiveWorkingDays>0</NumberOfConsecutiveWorkingDays>
            <NumberOfConsecutiveDaysOff>2</NumberOfConsecutiveDaysOff>
        </NurseHistory>
        <NurseHistory>
            <Nurse>CT_26</Nurse>
            <NumberOfAssignments>0</NumberOfAssignments>
            <NumberOfWorkingWeekends>0</NumberOfWorkingWeekends>
            <LastAssignedShiftType>Early</LastAssignedShiftType>
            <NumberOfConsecutiveAssignments>2</NumberOfConsecutiveAssignments>
            <NumberOfConsecutiveWorkingDays>2</NumberOfConsecutiveWorkingDays>
            <NumberOfConsecutiveDaysOff>0</NumberOfConsecutiveDaysOff>
        </NurseHistory>
        <NurseHistory>
            <Nurse>CT_27</Nurse>
            <NumberOfAssignments>0</NumberOfAssignments>
            <NumberOfWorkingWeekends>0</NumberOfWorkingWeekends>
            <LastAssignedShiftType>Night</LastAssignedShiftType>
            <NumberOfConsecutiveAssignments>3</NumberOfConsecutiveAssignments>
            <NumberOfConsecutiveWorkingDays>3</NumberOfConsecutiveWorkingDays>
            <NumberOfConsecutiveDaysOff>0</NumberOfConsecutiveDaysOff>
        </NurseHistory>
        <NurseHistory>
            <Nurse>CT_28</Nurse>
            <NumberOfAssignments>0</NumberOfAssignments>
            <NumberOfWorkingWeekends>0</NumberOfWorkingWeekends>
            <LastAssignedShiftType>None</LastAssignedShiftType>
            <NumberOfConsecutiveAssignments>0</NumberOfConsecutiveAssignments>
            <NumberOfConsecutiveWorkingDays>0</NumberOfConsecutiveWorkingDays>
            <NumberOfConsecutiveDaysOff>3</NumberOfConsecutiveDaysOff>
        </NurseHistory>
        <NurseHistory>
            <Nurse>CT_29</Nurse>
            <NumberOfAssignments>0</NumberOfAssignments>
            <NumberOfWorkingWeekends>0</NumberOfWorkingWeekends>
            <LastAssignedShiftType>Day</LastAssignedShiftType>
            <NumberOfConsecutiveAssignments>1</NumberOfConsecutiveAssignments>
            <NumberOfConsecutiveWorkingDays>4</NumberOfConsecutiveWorkingDays>
            <NumberOfConsecutiveDaysOff>0</NumberOfConsecutiveDaysOff>
        </NurseHistory>
        <NurseHistory>
            <Nurse>CT_30</Nurse>
            <NumberOfAssignments>0</NumberOfAssignments>
            <NumberOfWorkingWeekends>0</NumberOfWorkingWeekends>
            <LastAssignedShiftType>None</LastAssignedShiftType>
            <NumberOfConsecutiveAssignments>0</NumberOfConsecutiveAssignments>
            <NumberOfConsecutiveWorkingDays>0</NumberOfConsecutiveWorkingDays>
            <NumberOfConsecutiveDaysOff>2</NumberOfConsecutiveDaysOff>
        </NurseHistory>
        <NurseHistory>
            <Nurse>CT_31</Nurse>
            <NumberOfAssignments>0</NumberOfAssignments>
            <NumberOfWorkingWeekends>0</NumberOfWorkingWeekends>
            <LastAssignedShiftType>None</LastAssignedShiftType>
            <NumberOfConsecutiveAssignments>0</NumberOfConsecutiveAssignments>
            <NumberOfConsecutiveWorkingDays>0</NumberOfConsecutiveWorkingDays>
            <NumberOfConsecutiveDaysOff>4</NumberOfConsecutiveDaysOff>
        </NurseHistory>
        <NurseHistory>
            <Nurse>CT_32</Nurse>
            <NumberOfAssignments>0</NumberOfAssignments>
            <NumberOfWorkingWeekends>0</NumberOfWorkingWeekends>
            <LastAssignedShiftType>None</LastAssignedShiftType>
            <NumberOfConsecutiveAssignments>0</NumberOfConsecutiveAssignments>
            <NumberOfConsecutiveWorkingDays>0</NumberOfConsecutiveWorkingDays>
            <NumberOfConsecutiveDaysOff>3</NumberOfConsecutiveDaysOff>
        </NurseHistory>
        <NurseHistory>
            <Nurse>CT_33</Nurse>
            <NumberOfAssignments>0</NumberOfAssignments>
            <NumberOfWorkingWeekends>0</NumberOfWorkingWeekends>
            <LastAssignedShiftType>None</LastAssignedShiftType>
            <NumberOfConsecutiveAssignments>0</NumberOfConsecutiveAssignments>
            <NumberOfConsecutiveWorkingDays>0</NumberOfConsecutiveWorkingDays>
            <NumberOfConsecutiveDaysOff>2</NumberOfConsecutiveDaysOff>
        </NurseHistory>
        <NurseHistory>
            <Nurse>CT_34</Nurse>
            <NumberOfAssignments>0</NumberOfAssignments>
            <NumberOfWorkingWeekends>0</NumberOfWorkingWeekends>
            <LastAssignedShiftType>Late</LastAssignedShiftType>
            <NumberOfConsecutiveAssignments>4</NumberOfConsecutiveAssignments>
            <NumberOfConsecutiveWorkingDays>4</NumberOfConsecutiveWorkingDays>
            <NumberOfConsecutiveDaysOff>0</NumberOfConsecutiveDaysOff>
        </NurseHistory>
        <NurseHistory>
            <Nurse>CT_35</Nurse>
            <NumberOfAssignments>0</NumberOfAssignments>
            <NumberOfWorkingWeekends>0</NumberOfWorkingWeekends>
            <LastAssignedShiftType>None</LastAssignedShiftType>
            <NumberOfConsecutiveAssignments>0</NumberOfConsecutiveAssignments>
            <NumberOfConsecutiveWorkingDays>0</NumberOfConsecutiveWorkingDays>
            <NumberOfConsecutiveDaysOff>3</NumberOfConsecutiveDaysOff>
        </NurseHistory>
        <NurseHistory>
            <Nurse>CT_36</Nurse>
            <NumberOfAssignments>0</NumberOfAssignments>
            <NumberOfWorkingWeekends>0</NumberOfWorkingWeekends>
            <LastAssignedShiftType>None</LastAssignedShiftType>
            <NumberOfConsecutiveAssignments>0</NumberOfConsecutiveAssignments>
            <NumberOfConsecutiveWorkingDays>0</NumberOfConsecutiveWorkingDays>
            <NumberOfConsecutiveDaysOff>4</NumberOfConsecutiveDaysOff>
        </NurseHistory>
        <NurseHistory>
            <Nurse>CT_37</Nurse>
            <NumberOfAssignments>0</NumberOfAssignments>
            <NumberOfWorkingWeekends>0</NumberOfWorkingWeekends>
            <LastAssignedShiftType>Late</LastAssignedShiftType>
            <NumberOfConsecutiveAssignments>4</NumberOfConsecutiveAssignments>
            <NumberOfConsecutiveWorkingDays>4</NumberOfConsecutiveWorkingDays>
            <NumberOfConsecutiveDaysOff>0</NumberOfConsecutiveDaysOff>
        </NurseHistory>
        <NurseHistory>
            <Nurse>CT_38</Nurse>
            <NumberOfAssignments>0</NumberOfAssignments>
            <NumberOfWorkingWeekends>0</NumberOfWorkingWeekends>
            <LastAssignedShiftType>Early</LastAssignedShiftType>
            <NumberOfConsecutiveAssignments>1</NumberOfConsecutiveAssignments>
            <NumberOfConsecutiveWorkingDays>3</NumberOfConsecutiveWorkingDays>
            <NumberOfConsecutiveDaysOff>0</NumberOfConsecutiveDaysOff>
        </NurseHistory>
        <NurseHistory>
            <Nurse>CT_39</Nurse>
            <NumberOfAssignments>0</NumberOfAssignments>
            <NumberOfWorkingWeekends>0</NumberOfWorkingWeekends>
            <LastAssignedShiftType>None</LastAssignedShiftType>
            <NumberOfConsecutiveAssignments>0</NumberOfConsecutiveAssignments>
            <NumberOfConsecutiveWorkingDays>0</NumberOfConsecutiveWorkingDays>
            <NumberOfConsecutiveDaysOff>2</NumberOfConsecutiveDaysOff>
        </NurseHistory>
        <NurseHistory>
            <Nurse>CT_40</Nurse>
            <NumberOfAssignments>0</NumberOfAssignments>
            <NumberOfWorkingWeekends>0</NumberOfWorkingWeekends>
            <LastAssignedShiftType>Night</LastAssignedShiftType>
            <NumberOfConsecutiveAssignments>1</NumberOfConsecutiveAssignments>
            <NumberOfConsecutiveWorkingDays>4</NumberOfConsecutiveWorkingDays>
            <NumberOfConsecutiveDaysOff>0</NumberOfConsecutiveDaysOff>
        </NurseHistory>
        <NurseHistory>
            <Nurse>CT_41</Nurse>
            <NumberOfAssignments>0</NumberOfAssignments>
            <NumberOfWorkingWeekends>0</NumberOfWorkingWeekends>
            <LastAssignedShiftType>None</LastAssignedShiftType>
            <NumberOfConsecutiveAssignments>0</NumberOfConsecutiveAssignments>
            <NumberOfConsecutiveWorkingDays>0</NumberOfConsecutiveWorkingDays>
            <NumberOfConsecutiveDaysOff>2</NumberOfConsecutiveDaysOff>
        </NurseHistory>
        <NurseHistory>
            <Nurse>CT_42</Nurse>
            <NumberOfAssignments>0</NumberOfAssignments>
            <NumberOfWorkingWeekends>0</NumberOfWorkingWeekends>
            <LastAssignedShiftType>None</LastAssignedShiftType>
            <NumberOfConsecutiveAssignments>0</NumberOfConsecutiveAssignments>
            <NumberOfConsecutiveWorkingDays>0</NumberOfConsecutiveWorkingDays>
            <NumberOfConsecutiveDaysOff>2</NumberOfConsecutiveDaysOff>
        </NurseHistory>
        <NurseHistory>
            <Nurse>CT_43</Nurse>
            <NumberOfAssignments>0</NumberOfAssignments>
            <NumberOfWorkingWeekends>0</NumberOfWorkingWeekends>
            <LastAssignedShiftType>None</LastAssignedShiftType>
            <NumberOfConsecutiveAssignments>0</NumberOfConsecutiveAssignments>
            <NumberOfConsecutiveWorkingDays>0</NumberOfConsecutiveWorkingDays>
            <NumberOfConsecutiveDaysOff>3</NumberOfConsecutiveDaysOff>
        </NurseHistory>
        <NurseHistory>
            <Nurse>CT_44</Nurse>
            <NumberOfAssignments>0</NumberOfAssignments>
            <NumberOfWorkingWeekends>0</NumberOfWorkingWeekends>
            <LastAssignedShiftType>Day</LastAssignedShiftType>
            <NumberOfConsecutiveAssignments>4</NumberOfConsecutiveAssignments>
            <NumberOfConsecutiveWorkingDays>4</NumberOfConsecutiveWorkingDays>
            <NumberOfConsecutiveDaysOff>0</NumberOfConsecutiveDaysOff>
        </NurseHistory>
        <NurseHistory>
            <Nurse>CT_45</Nurse>
            <NumberOfAssignments>0</NumberOfAssignments>
            <NumberOfWorkingWeekends>0</NumberOfWorkingWeekends>
            <LastAssignedShiftType>None</LastAssignedShiftType>
            <NumberOfConsecutiveAssignments>0</NumberOfConsecutiveAssignments>
            <NumberOfConsecutiveWorkingDays>0</NumberOfConsecutiveWorkingDays>
            <NumberOfConsecutiveDaysOff>2</NumberOfConsecutiveDaysOff>
        </NurseHistory>
        <NurseHistory>
            <Nurse>CT_46</Nurse>
            <NumberOfAssignments>0</NumberOfAssignments>
            <NumberOfWorkingWeekends>0</NumberOfWorkingWeekends>
            <LastAssignedShiftType>None</LastAssignedShiftType>
            <NumberOfConsecutiveAssignments>0</NumberOfConsecutiveAssignments>
            <NumberOfConsecutiveWorkingDays>0</NumberOfConsecutiveWorkingDays>
            <NumberOfConsecutiveDaysOff>2</NumberOfConsecutiveDaysOff>
        </NurseHistory>
        <NurseHistory>
            <Nurse>CT_47</Nurse>
            <NumberOfAssignments>0</NumberOfAssignments>
            <NumberOfWorkingWeekends>0</NumberOfWorkingWeekends>
            <LastAssignedShiftType>Day</LastAssignedShiftType>
            <NumberOfConsecutiveAssignments>1</NumberOfConsecutiveAssignments>
            <NumberOfConsecutiveWorkingDays>3</NumberOfConsecutiveWorkingDays>
            <NumberOfConsecutiveDaysOff>0</NumberOfConsecutiveDaysOff>
        </NurseHistory>
        <NurseHistory>
            <Nurse>CT_48</Nurse>
            <NumberOfAssignments>0</NumberOfAssignments>
            <NumberOfWorkingWeekends>0</NumberOfWorkingWeekends>
            <LastAssignedShiftType>None</LastAssignedShiftType>
            <NumberOfConsecutiveAssignments>0</NumberOfConsecutiveAssignments>
            <NumberOfConsecutiveWorkingDays>0</NumberOfConsecutiveWorkingDays>
            <NumberOfConsecutiveDaysOff>2</NumberOfConsecutiveDaysOff>
        </NurseHistory>
        <NurseHistory>
            <Nurse>CT_49</Nurse>
            <NumberOfAssignments>0</NumberOfAssignments>
            <NumberOfWorkingWeekends>0</NumberOfWorkingWeekends>
            <LastAssignedShiftType>Early</LastAssignedShiftType>
            <NumberOfConsecutiveAssignments>2</NumberOfConsecutiveAssignments>
            <NumberOfConsecutiveWorkingDays>4</NumberOfConsecutiveWorkingDays>
            <NumberOfConsecutiveDaysOff>0</NumberOfConsecutiveDaysOff>
        </NurseHistory>
        <NurseHistory>
            <Nurse>CT_50</Nurse>
            <NumberOfAssignments>0</NumberOfAssignments>
            <NumberOfWorkingWeekends>0</NumberOfWorkingWeekends>
            <LastAssignedShiftType>None</LastAssignedShiftType>
            <NumberOfConsecutiveAssignments>0</NumberOfConsecutiveAssignments>
            <NumberOfConsecutiveWorkingDays>0</NumberOfConsecutiveWorkingDays>
            <NumberOfConsecutiveDaysOff>6</NumberOfConsecutiveDaysOff>
        </NurseHistory>
        <NurseHistory>
            <Nurse>CT_51</Nurse>
            <NumberOfAssignments>0</NumberOfAssignments>
            <NumberOfWorkingWeekends>0</NumberOfWorkingWeekends>
            <LastAssignedShiftType>None</LastAssignedShiftType>
            <NumberOfConsecutiveAssignments>0</NumberOfConsecutiveAssignments>
            <NumberOfConsecutiveWorkingDays>0</NumberOfConsecutiveWorkingDays>
            <NumberOfConsecutiveDaysOff>4</NumberOfConsecutiveDaysOff>
        </NurseHistory>
        <NurseHistory>
            <Nurse>CT_52</Nurse>
            <NumberOfAssignments>0</NumberOfAssignments>
            <NumberOfWorkingWeekends>0</NumberOfWorkingWeekends>
            <LastAssignedShiftType>None</LastAssignedShiftType>
            <NumberOfConsecutiveAssignments>0</NumberOfConsecutiveAssignments>
            <NumberOfConsecutiveWorkingDays>0</NumberOfConsecutiveWorkingDays>
            <NumberOfConsecutiveDaysOff>3</NumberOfConsecutiveDaysOff>
        </NurseHistory>
        <NurseHistory>
            <Nurse>CT_53</Nurse>
            <NumberOfAssignments>0</NumberOfAssignments>
            <NumberOfWorkingWeekends>0</NumberOfWorkingWeekends>
            <LastAssignedShiftType>None</LastAssignedShiftType>
            <NumberOfConsecutiveAssignments>0</NumberOfConsecutiveAssignments>
            <NumberOfConsecutiveWorkingDays>0</NumberOfConsecutiveWorkingDays>
            <NumberOfConsecutiveDaysOff>4</NumberOfConsecutiveDaysOff>
        </NurseHistory>
        <NurseHistory>
            <Nurse>CT_54</Nurse>
            <NumberOfAssignments>0</NumberOfAssignments>
            <NumberOfWorkingWeekends>0</NumberOfWorkingWeekends>
            <LastAssignedShiftType>None</LastAssignedShiftType>
            <NumberOfConsecutiveAssignments>0</NumberOfConsecutiveAssignments>
            <NumberOfConsecutiveWorkingDays>0</NumberOfConsecutiveWorkingDays>
            <NumberOfConsecutiveDaysOff>2</NumberOfConsecutiveDaysOff>
        </NurseHistory>
        <NurseHistory>
            <Nurse>CT_55</Nurse>
            <NumberOfAssignments>0</NumberOfAssignments>
            <NumberOfWorkingWeekends>0</NumberOfWorkingWeekends>
            <LastAssignedShiftType>None</LastAssignedShiftType>
            <NumberOfConsecutiveAssignments>0</NumberOfConsecutiveAssignments>
            <NumberOfConsecutiveWorkingDays>0</NumberOfConsecutiveWorkingDays>
            <NumberOfConsecutiveDaysOff>3</NumberOfConsecutiveDaysOff>
        </NurseHistory>
        <NurseHistory>
            <Nurse>CT_56</Nurse>
            <NumberOfAssignments>0</NumberOfAssignments>
            <NumberOfWorkingWeekends>0</NumberOfWorkingWeekends>
            <LastAssignedShiftType>Night</LastAssignedShiftType>
            <NumberOfConsecutiveAssignments>3</NumberOfConsecutiveAssignments>
            <NumberOfConsecutiveWorkingDays>5</NumberOfConsecutiveWorkingDays>
            <NumberOfConsecutiveDaysOff>0</NumberOfConsecutiveDaysOff>
        </NurseHistory>
        <NurseHistory>
            <Nurse>CT_57</Nurse>
            <NumberOfAssignments>0</NumberOfAssignments>
            <NumberOfWorkingWeekends>0</NumberOfWorkingWeekends>
            <LastAssignedShiftType>Night</LastAssignedShiftType>
            <NumberOfConsecutiveAssignments>2</NumberOfConsecutiveAssignments>
            <NumberOfConsecutiveWorkingDays>4</NumberOfConsecutiveWorkingDays>
            <NumberOfConsecutiveDaysOff>0</NumberOfConsecutiveDaysOff>
        </NurseHistory>
        <NurseHistory>
            <Nurse>CT_58</Nurse>
            <NumberOfAssignments>0</NumberOfAssignments>
            <NumberOfWorkingWeekends>0</NumberOfWorkingWeekends>
            <LastAssignedShiftType>None</LastAssignedShiftType>
            <NumberOfConsecutiveAssignments>0</NumberOfConsecutiveAssignments>
            <NumberOfConsecutiveWorkingDays>0</NumberOfConsecutiveWorkingDays>
            <NumberOfConsecutiveDaysOff>4</NumberOfConsecutiveDaysOff>
        </NurseHistory>
        <NurseHistory>
            <Nurse>CT_59</Nurse>
            <NumberOfAssignments>0</NumberOfAssignments>
            <NumberOfWorkingWeekends>0</NumberOfWorkingWeekends>
            <LastAssignedShiftType>None</LastAssignedShiftType>
            <NumberOfConsecutiveAssignments>0</NumberOfConsecutiveAssignments>
            <NumberOfConsecutiveWorkingDays>0</NumberOfConsecutiveWorkingDays>
            <NumberOfConsecutiveDaysOff>2</NumberOfConsecutiveDaysOff>
        </NurseHistory>
        <NurseHistory>
            <Nurse>TR_60</Nurse>
            <NumberOfAssignments>0</NumberOfAssignments>
            <NumberOfWorkingWeekends>0</NumberOfWorkingWeekends>
            <LastAssignedShiftType>None</LastAssignedShiftType>
            <NumberOfConsecutiveAssignments>0</NumberOfConsecutiveAssignments>
            <NumberOfConsecutiveWorkingDays>0</NumberOfConsecutiveWorkingDays>
            <NumberOfConsecutiveDaysOff>2</NumberOfConsecutiveDaysOff>
        </NurseHistory>
        <NurseHistory>
            <Nurse>TR_61</Nurse>
            <NumberOfAssignments>0</NumberOfAssignments>
            <NumberOfWorkingWeekends>0</NumberOfWorkingWeekends>
            <LastAssignedShiftType>None</LastAssignedShiftType>
            <NumberOfConsecutiveAssignments>0</NumberOfConsecutiveAssignments>
            <NumberOfConsecutiveWorkingDays>0</NumberOfConsecutiveWorkingDays>
            <NumberOfConsecutiveDaysOff>2</NumberOfConsecutiveDaysOff>
        </NurseHistory>
        <NurseHistory>
            <Nurse>TR_62</Nurse>
            <NumberOfAssignments>0</NumberOfAssignments>
            <NumberOfWorkingWeekends>0</NumberOfWorkingWeekends>
            <LastAssignedShiftType>Night</LastAssignedShiftType>
            <NumberOfConsecutiveAssignments>1</NumberOfConsecutiveAssignments>
            <NumberOfConsecutiveWorkingDays>4</NumberOfConsecutiveWorkingDays>
            <NumberOfConsecutiveDaysOff>0</NumberOfConsecutiveDaysOff>
        </NurseHistory>
        <NurseHistory>
            <Nurse>TR_63</Nurse>
            <NumberOfAssignments>0</NumberOfAssignments>
            <NumberOfWorkingWeekends>0</NumberOfWorkingWeekends>
            <LastAssignedShiftType>None</LastAssignedShiftType>
            <NumberOfConsecutiveAssignments>0</NumberOfConsecutiveAssignments>
            <NumberOfConsecutiveWorkingDays>0</NumberOfConsecutiveWorkingDays>
            <NumberOfConsecutiveDaysOff>2</NumberOfConsecutiveDaysOff>
        </NurseHistory>
        <NurseHistory>
            <Nurse>TR_64</Nurse>
            <NumberOfAssignments>0</NumberOfAssignments>
            <NumberOfWorkingWeekends>0</NumberOfWorkingWeekends>
            <LastAssignedShiftType>None</LastAssignedShiftType>
            <NumberOfConsecutiveAssignments>0</NumberOfConsecutiveAssignments>
            <NumberOfConsecutiveWorkingDays>0</NumberOfConsecutiveWorkingDays>
            <NumberOfConsecutiveDaysOff>4</NumberOfConsecutiveDaysOff>
        </NurseHistory>
        <NurseHistory>
            <Nurse>TR_65</Nurse>
            <NumberOfAssignments>0</NumberOfAssignments>
            <NumberOfWorkingWeekends>0</NumberOfWorkingWeekends>
            <LastAssignedShiftType>Early</LastAssignedShiftType>
            <NumberOfConsecutiveAssignments>1</NumberOfConsecutiveAssignments>
            <NumberOfConsecutiveWorkingDays>4</NumberOfConsecutiveWorkingDays>
            <NumberOfConsecutiveDaysOff>0</NumberOfConsecutiveDaysOff>
        </NurseHistory>
        <NurseHistory>
            <Nurse>TR_66</Nurse>
            <NumberOfAssignments>0</NumberOfAssignments>
            <NumberOfWorkingWeekends>0</NumberOfWorkingWeekends>
            <LastAssignedShiftType>None</LastAssignedShiftType>
            <NumberOfConsecutiveAssignments>0</NumberOfConsecutiveAssignments>
            <NumberOfConsecutiveWorkingDays>0</NumberOfConsecutiveWorkingDays>
            <NumberOfConsecutiveDaysOff>6</NumberOfConsecutiveDaysOff>
        </NurseHistory>
        <NurseHistory>
            <Nurse>TR_67</Nurse>
            <NumberOfAssignments>0</NumberOfAssignments>
            <NumberOfWorkingWeekends>0</NumberOfWorkingWeekends>
            <LastAssignedShiftType>Early</LastAssignedShiftType>
            <NumberOfConsecutiveAssignments>3</NumberOfConsecutiveAssignments>
            <NumberOfConsecutiveWorkingDays>3</NumberOfConsecutiveWorkingDays>
            <NumberOfConsecutiveDaysOff>0</NumberOfConsecutiveDaysOff>
        </NurseHistory>
        <NurseHistory>
            <Nurse>TR_68</Nurse>
            <NumberOfAssignments>0</NumberOfAssignments>
            <NumberOfWorkingWeekends>0</NumberOfWorkingWeekends>
            <LastAssignedShiftType>None</LastAssignedShiftType>
            <NumberOfConsecutiveAssignments>0</NumberOfConsecutiveAssignments>
            <NumberOfConsecutiveWorkingDays>0</NumberOfConsecutiveWorkingDays>
            <NumberOfConsecutiveDaysOff>7</NumberOfConsecutiveDaysOff>
        </NurseHistory>
        <NurseHistory>
            <Nurse>TR_69</Nurse>
            <NumberOfAssignments>0</NumberOfAssignments>
            <NumberOfWorkingWeekends>0</NumberOfWorkingWeekends>
            <LastAssignedShiftType>None</LastAssignedShiftType>
            <NumberOfConsecutiveAssignments>0</NumberOfConsecutiveAssignments>
            <NumberOfConsecutiveWorkingDays>0</NumberOfConsecutiveWorkingDays>
            <NumberOfConsecutiveDaysOff>5</NumberOfConsecutiveDaysOff>
        </NurseHistory>
        <NurseHistory>
            <Nurse>TR_70</Nurse>
            <NumberOfAssignments>0</NumberOfAssignments>
            <NumberOfWorkingWeekends>0</NumberOfWorkingWeekends>
            <LastAssignedShiftType>None</LastAssignedShiftType>
            <NumberOfConsecutiveAssignments>0</NumberOfConsecutiveAssignments>
            <NumberOfConsecutiveWorkingDays>0</NumberOfConsecutiveWorkingDays>
            <NumberOfConsecutiveDaysOff>5</NumberOfConsecutiveDaysOff>
        </NurseHistory>
        <NurseHistory>
            <Nurse>TR_71</Nurse>
            <NumberOfAssignments>0</NumberOfAssignments>
            <NumberOfWorkingWeekends>0</NumberOfWorkingWeekends>
            <LastAssignedShiftType>None</LastAssignedShiftType>
            <NumberOfConsecutiveAssignments>0</NumberOfConsecutiveAssignments>
            <NumberOfConsecutiveWorkingDays>0</NumberOfConsecutiveWorkingDays>
            <NumberOfConsecutiveDaysOff>2</NumberOfConsecutiveDaysOff>
        </NurseHistory>
        <NurseHistory>
            <Nurse>TR_72</Nurse>
            <NumberOfAssignments>0</NumberOfAssignments>
            <NumberOfWorkingWeekends>0</NumberOfWorkingWeekends>
            <LastAssignedShiftType>None</LastAssignedShiftType>
            <NumberOfConsecutiveAssignments>0</NumberOfConsecutiveAssignments>
            <NumberOfConsecutiveWorkingDays>0</NumberOfConsecutiveWorkingDays>
            <NumberOfConsecutiveDaysOff>4</NumberOfConsecutiveDaysOff>
        </NurseHistory>
        <NurseHistory>
            <Nurse>TR_73</Nurse>
            <NumberOfAssignments>0</NumberOfAssignments>
            <NumberOfWorkingWeekends>0</NumberOfWorkingWeekends>
            <LastAssignedShiftType>None</LastAssignedShiftType>
            <NumberOfConsecutiveAssignments>0</NumberOfConsecutiveAssignments>
            <NumberOfConsecutiveWorkingDays>0</NumberOfConsecutiveWorkingDays>
            <NumberOfConsecutiveDaysOff>1</NumberOfConsecutiveDaysOff>
        </NurseHistory>
        <NurseHistory>
            <Nurse>TR_74</Nurse>
            <NumberOfAssignments>0</NumberOfAssignments>
            <NumberOfWorkingWeekends>0</NumberOfWorkingWeekends>
            <LastAssignedShiftType>None</LastAssignedShiftType>
            <NumberOfConsecutiveAssignments>0</NumberOfConsecutiveAssignments>
            <NumberOfConsecutiveWorkingDays>0</NumberOfConsecutiveWorkingDays>
            <NumberOfConsecutiveDaysOff>4</NumberOfConsecutiveDaysOff>
        </NurseHistory>
        <NurseHistory>
            <Nurse>TR_75</Nurse>
            <NumberOfAssignments>0</NumberOfAssignments>
            <NumberOfWorkingWeekends>0</NumberOfWorkingWeekends>
            <LastAssignedShiftType>None</LastAssignedShiftType>
            <NumberOfConsecutiveAssignments>0</NumberOfConsecutiveAssignments>
            <NumberOfConsecutiveWorkingDays>0</NumberOfConsecutiveWorkingDays>
            <NumberOfConsecutiveDaysOff>3</NumberOfConsecutiveDaysOff>
        </NurseHistory>
        <NurseHistory>
            <Nurse>TR_76</Nurse>
            <NumberOfAssignments>0</NumberOfAssignments>
            <NumberOfWorkingWeekends>0</NumberOfWorkingWeekends>
            <LastAssignedShiftType>None</LastAssignedShiftType>
            <NumberOfConsecutiveAssignments>0</NumberOfConsecutiveAssignments>
            <NumberOfConsecutiveWorkingDays>0</NumberOfConsecutiveWorkingDays>
            <NumberOfConsecutiveDaysOff>2</NumberOfConsecutiveDaysOff>
        </NurseHistory>
        <NurseHistory>
            <Nurse>TR_77</Nurse>
            <NumberOfAssignments>0</NumberOfAssignments>
            <NumberOfWorkingWeekends>0</NumberOfWorkingWeekends>
            <LastAssignedShiftType>Day</LastAssignedShiftType>
            <NumberOfConsecutiveAssignments>2</NumberOfConsecutiveAssignments>
            <NumberOfConsecutiveWorkingDays>2</NumberOfConsecutiveWorkingDays>
            <NumberOfConsecutiveDaysOff>0</NumberOfConsecutiveDaysOff>
        </NurseHistory>
        <NurseHistory>
            <Nurse>TR_78</Nurse>
            <NumberOfAssignments>0</NumberOfAssignments>
            <NumberOfWorkingWeekends>0</NumberOfWorkingWeekends>
            <LastAssignedShiftType>None</LastAssignedShiftType>
            <NumberOfConsecutiveAssignments>0</NumberOfConsecutiveAssignments>
            <NumberOfConsecutiveWorkingDays>0</NumberOfConsecutiveWorkingDays>
            <NumberOfConsecutiveDaysOff>3</NumberOfConsecutiveDaysOff>
        </NurseHistory>
        <NurseHistory>
            <Nurse>TR_79</Nurse>
            <NumberOfAssignments>0</NumberOfAssignments>
            <NumberOfWorkingWeekends>0</NumberOfWorkingWeekends>
            <LastAssignedShiftType>None</LastAssignedShiftType>
            <NumberOfConsecutiveAssignments>0</NumberOfConsecutiveAssignments>
            <NumberOfConsecutiveWorkingDays>0</NumberOfConsecutiveWorkingDays>
            <NumberOfConsecutiveDaysOff>4</NumberOfConsecutiveDaysOff>
        </NurseHistory>
    </NursesHistory>
</History>
